WMA,Point ID,Camera Type,Trigger,Date,Time,Moon Phase,Illum,Contrast,Brightness,Sharpness,Saturation,Sensitivity,Temp,Battery(Volts),Comments,Season
OM,3038,Ground,M 2/3,10/3/2009,2:30:33 PM,Full Moon,Off,159,95,64,191,100,74,8,,2
OM,3038,Ground,M 3/3,10/3/2009,2:30:36 PM,Full Moon,Off,159,95,64,191,100,74,8,,2
OM,3038,Ground,M 1/3,10/3/2009,2:31:37 PM,Full Moon,Off,159,95,64,191,100,74,8,,2
OM,3038,Ground,M 2/3,10/3/2009,2:31:40 PM,Full Moon,Off,159,95,64,191,100,74,8,,2
OM,3038,Ground,M 3/3,10/3/2009,2:31:43 PM,Full Moon,Off,159,95,64,191,100,74,8,,2
OM,3038,Ground,M 1/3,10/3/2009,4:40:06 PM,Full Moon,Off,159,95,64,191,100,72,8,,2
OM,3038,Ground,M 2/3,10/3/2009,4:40:08 PM,Full Moon,Off,159,95,64,191,100,72,8,,2
OM,3038,Ground,M 3/3,10/3/2009,4:40:11 PM,Full Moon,Off,159,95,64,191,100,72,8,,2
OM,3038,Ground,M 1/3,10/3/2009,4:40:28 PM,Full Moon,Off,159,95,64,191,100,72,8,,2
OM,3038,Ground,M 1/3,10/3/2009,5:09:12 PM,Full Moon,Off,159,95,64,191,100,71,8,,2
OM,3038,Ground,M 2/3,10/3/2009,5:09:14 PM,Full Moon,Off,159,95,64,191,100,71,8,,2
OM,3038,Ground,M 3/3,10/3/2009,5:09:17 PM,Full Moon,Off,159,95,64,191,100,71,8,,2
OM,3038,Ground,M 1/3,10/3/2009,5:09:37 PM,Full Moon,Off,159,95,64,191,100,71,8,,2
OM,3038,Ground,M 2/3,10/3/2009,5:09:39 PM,Full Moon,Off,159,95,64,191,100,71,8,,2
OM,3038,Ground,M 3/3,10/3/2009,5:09:42 PM,Full Moon,Off,159,95,64,191,100,71,8,,2
OM,3038,Ground,M 1/3,10/3/2009,5:09:58 PM,Full Moon,Off,159,95,64,191,100,71,8,,2
OM,3038,Ground,M 2/3,10/3/2009,5:10:01 PM,Full Moon,Off,159,95,64,191,100,71,8,,2
OM,3038,Ground,T,10/3/2009,5:10:01 PM,Full Moon,Off,159,95,64,191,100,71,8,,2
OM,3038,Ground,M 3/3,10/3/2009,5:10:05 PM,Full Moon,Off,159,95,64,191,100,71,8,,2
OM,3038,Ground,M 1/3,10/3/2009,6:11:35 PM,Full Moon,On,159,95,32,0,100,68,7.8,,2
OM,3038,Ground,M 2/3,10/3/2009,6:11:38 PM,Full Moon,On,159,95,32,0,100,68,7.9,,2
OM,3038,Ground,M 3/3,10/3/2009,6:11:40 PM,Full Moon,On,159,95,32,0,100,68,7.9,,2
OM,3038,Ground,M 3/3,10/4/2009,2:46:59 PM,Full Moon,On,159,95,32,0,100,61,7.8,,2
OM,2961,Ground,M 1/3,10/6/2009,12:06:28 AM,Waning Gibbous,On,128,128,32,0,100,59,7.7,,2
OM,2961,Ground,M 2/3,10/6/2009,12:06:29 AM,Waning Gibbous,On,128,128,32,0,100,59,7.9,,2
OM,2961,Ground,M 3/3,10/6/2009,12:06:31 AM,Waning Gibbous,On,128,128,32,0,100,59,7.8,,2
OM,2961,Ground,M 1/3,10/6/2009,12:06:50 AM,Waning Gibbous,On,128,128,32,0,100,59,7.7,,2
OM,2961,Ground,M 2/3,10/6/2009,12:06:51 AM,Waning Gibbous,On,128,128,32,0,100,59,7.8,,2
OM,2961,Ground,M 3/3,10/6/2009,12:06:53 AM,Waning Gibbous,On,128,128,32,0,100,59,7.8,,2
OM,2961,Ground,M 1/3,10/6/2009,12:07:08 AM,Waning Gibbous,On,128,128,32,0,100,59,7.7,,2
OM,2961,Ground,M 2/3,10/6/2009,12:07:10 AM,Waning Gibbous,On,128,128,32,0,100,59,7.8,,2
OM,2961,Ground,M 3/3,10/6/2009,12:07:11 AM,Waning Gibbous,On,128,128,32,0,100,59,7.8,,2
OM,2961,Ground,M 1/3,10/6/2009,12:07:27 AM,Waning Gibbous,On,128,128,32,0,100,59,7.7,,2
OM,2961,Ground,M 2/3,10/6/2009,12:07:28 AM,Waning Gibbous,On,128,128,32,0,100,59,7.8,,2
OM,2961,Ground,M 3/3,10/6/2009,12:07:30 AM,Waning Gibbous,On,128,128,32,0,100,59,7.8,,2
OM,2961,Ground,M 1/3,10/6/2009,12:07:45 AM,Waning Gibbous,On,128,128,32,0,100,59,7.7,,2
OM,2961,Ground,M 2/3,10/6/2009,12:07:47 AM,Waning Gibbous,On,128,128,32,0,100,59,7.8,,2
OM,2961,Ground,M 3/3,10/6/2009,12:07:48 AM,Waning Gibbous,On,128,128,32,0,100,59,7.8,,2
OM,2961,Ground,T,10/6/2009,12:08:00 AM,Waning Gibbous,On,128,128,32,0,100,59,7.7,,2
OM,2961,Ground,M 1/3,10/6/2009,12:08:03 AM,Waning Gibbous,On,128,128,32,0,100,59,7.7,,2
OM,2961,Ground,M 2/3,10/6/2009,12:08:05 AM,Waning Gibbous,On,128,128,32,0,100,59,7.8,,2
OM,2961,Ground,M 3/3,10/6/2009,12:08:06 AM,Waning Gibbous,On,128,128,32,0,100,59,7.8,,2
OM,2961,Ground,M 1/3,10/6/2009,7:56:59 PM,Waning Gibbous,On,128,128,32,0,100,68,7.6,,2
OM,3048,Ground,M 1/3,10/20/2009,10:11:52 AM,New Moon,Off,159,95,64,191,100,50,7.8,,2
OM,3048,Ground,M 2/3,10/20/2009,10:11:54 AM,New Moon,Off,159,95,64,191,100,50,7.8,,2
OM,3048,Ground,M 3/3,10/20/2009,10:11:57 AM,New Moon,Off,159,95,64,191,100,50,7.8,,2
OM,3048,Ground,T,10/20/2009,10:12:00 AM,New Moon,Off,159,95,64,191,100,50,7.8,,2
OM,3048,Ground,M 1/3,10/20/2009,10:12:12 AM,New Moon,Off,159,95,64,191,100,50,7.8,,2
OM,3048,Ground,M 2/3,10/20/2009,10:12:15 AM,New Moon,Off,159,95,64,191,100,50,7.8,,2
OM,3048,Ground,M 3/3,10/20/2009,10:12:18 AM,New Moon,Off,159,95,64,191,100,50,7.8,,2
OM,3048,Ground,M 1/3,10/20/2009,10:12:33 AM,New Moon,Off,159,95,64,191,100,50,7.8,,2
OM,3048,Ground,M 2/3,10/20/2009,10:12:36 AM,New Moon,Off,159,95,64,191,100,50,7.8,,2
OM,3048,Ground,M 3/3,10/20/2009,10:12:39 AM,New Moon,Off,159,95,64,191,100,50,7.8,,2
OM,3048,Ground,M 1/3,10/20/2009,10:12:54 AM,New Moon,Off,159,95,64,191,100,50,7.8,,2
OM,3048,Ground,M 2/3,10/20/2009,10:12:57 AM,New Moon,Off,159,95,64,191,100,50,7.8,,2
OM,3048,Ground,M 3/3,10/20/2009,10:13:00 AM,New Moon,Off,159,95,64,191,100,50,7.8,,2
CH,2697,Ground,M 1/3,10/28/2009,10:41:50 AM,Waxing Gibbous,On,128,128,32,0,100,59,7.5,,2
CH,2697,Ground,M 2/3,10/28/2009,10:41:52 AM,Waxing Gibbous,On,128,128,32,0,100,59,7.7,,2
CH,2697,Ground,M 3/3,10/28/2009,10:41:53 AM,Waxing Gibbous,On,128,128,32,0,100,59,7.7,,2
CH,2697,Ground,T,10/28/2009,10:42:00 AM,Waxing Gibbous,On,128,128,32,0,100,59,7.5,,2
CH,2697,Ground,M 1/3,10/28/2009,10:42:09 AM,Waxing Gibbous,On,128,128,32,0,100,59,7.5,,2
CH,2697,Ground,M 2/3,10/28/2009,10:42:11 AM,Waxing Gibbous,On,128,128,32,0,100,59,7.7,,2
CH,2697,Ground,M 3/3,10/28/2009,10:42:12 AM,Waxing Gibbous,On,128,128,32,0,100,59,7.7,,2
CH,2697,Ground,M 1/3,10/28/2009,10:42:54 AM,Waxing Gibbous,On,128,128,32,0,100,59,7.5,,2
CH,2697,Ground,M 2/3,10/28/2009,10:42:56 AM,Waxing Gibbous,On,128,128,32,0,100,59,7.7,,2
CH,2697,Ground,M 1/3,10/28/2009,5:52:36 PM,Waxing Gibbous,On,128,128,32,0,100,50,7.5,,2
CH,2697,Ground,M 2/3,10/28/2009,5:52:38 PM,Waxing Gibbous,On,128,128,32,0,100,50,7.6,,2
CH,2697,Ground,M 3/3,10/28/2009,5:52:39 PM,Waxing Gibbous,On,128,128,32,0,100,50,7.6,,2
CH,2697,Ground,M 1/3,10/28/2009,5:52:54 PM,Waxing Gibbous,On,128,128,32,0,100,50,7.5,,2
CH,2697,Ground,M 2/3,10/28/2009,5:52:56 PM,Waxing Gibbous,On,128,128,32,0,100,50,7.6,,2
CH,2697,Ground,M 3/3,10/28/2009,5:52:57 PM,Waxing Gibbous,On,128,128,32,0,100,50,7.6,,2
CH,2697,Ground,M 1/3,10/28/2009,5:53:13 PM,Waxing Gibbous,On,128,128,32,0,100,50,7.5,,2
CH,2697,Ground,M 2/3,10/28/2009,5:53:15 PM,Waxing Gibbous,On,128,128,32,0,100,50,7.6,,2
CH,2697,Ground,M 3/3,10/28/2009,5:53:16 PM,Waxing Gibbous,On,128,128,32,0,100,50,7.6,,2
CH,2697,Ground,M 1/3,10/28/2009,5:53:32 PM,Waxing Gibbous,On,128,128,32,0,100,50,7.4,,2
CH,2697,Ground,M 2/3,10/28/2009,5:53:33 PM,Waxing Gibbous,On,128,128,32,0,100,50,7.6,,2
CH,2697,Ground,M 3/3,10/28/2009,5:53:35 PM,Waxing Gibbous,On,128,128,32,0,100,50,7.6,,2
CH,2697,Ground,M 1/3,10/29/2009,7:34:28 AM,Waxing Gibbous,On,128,128,32,0,100,56,7.5,,2
CH,2697,Ground,M 2/3,10/29/2009,7:34:30 AM,Waxing Gibbous,On,128,128,32,0,100,56,7.6,,2
CH,2707,Ground,M 1/3,10/30/2009,11:03:58 AM,Waxing Gibbous,Off,159,95,64,191,100,59,7.7,,2
CH,2707,Ground,M 2/3,10/30/2009,11:03:59 AM,Waxing Gibbous,Off,159,95,64,191,100,59,7.7,,2
CH,2707,Ground,M 3/3,10/30/2009,11:04:01 AM,Waxing Gibbous,Off,159,95,64,191,100,59,7.7,,2
CH,2707,Ground,T,10/30/2009,11:04:01 AM,Waxing Gibbous,Off,159,95,64,191,100,59,7.7,,2
CH,2707,Ground,M 1/3,10/30/2009,11:04:17 AM,Waxing Gibbous,Off,159,95,64,191,100,59,7.7,,2
CH,2707,Ground,M 2/3,10/30/2009,11:04:19 AM,Waxing Gibbous,Off,159,95,64,191,100,59,7.7,,2
CH,2707,Ground,M 3/3,10/30/2009,11:04:21 AM,Waxing Gibbous,Off,159,95,64,191,100,59,7.7,,2
CW,2499,Ground,M 1/3,11/4/2009,5:16:56 PM,Full Moon,On,128,128,32,0,100,61,7.8,,2
CW,2499,Ground,M 2/3,11/4/2009,5:16:58 PM,Full Moon,On,128,128,32,0,100,61,8,,2
CW,2499,Ground,M 3/3,11/4/2009,5:16:59 PM,Full Moon,On,128,128,32,0,100,61,7.9,,2
CW,2499,Ground,M 1/3,11/4/2009,5:17:15 PM,Full Moon,On,128,128,32,0,100,61,7.8,,2
CW,2499,Ground,M 2/3,11/4/2009,5:17:16 PM,Full Moon,On,128,128,32,0,100,61,7.9,,2
CW,2499,Ground,M 3/3,11/4/2009,5:17:17 PM,Full Moon,On,128,128,32,0,100,61,7.9,,2
CW,2499,Ground,M 1/3,11/4/2009,5:17:33 PM,Full Moon,On,128,128,32,0,100,61,7.8,,2
CW,2499,Ground,M 2/3,11/4/2009,5:17:34 PM,Full Moon,On,128,128,32,0,100,61,7.9,,2
CW,2499,Ground,M 3/3,11/4/2009,5:17:36 PM,Full Moon,On,128,128,32,0,100,61,7.9,,2
CW,2499,Ground,M 1/3,11/4/2009,5:17:52 PM,Full Moon,On,128,128,32,0,100,61,7.8,,2
CW,2499,Ground,M 2/3,11/4/2009,5:17:53 PM,Full Moon,On,128,128,32,0,100,61,7.9,,2
CW,2499,Ground,M 3/3,11/4/2009,5:17:55 PM,Full Moon,On,128,128,32,0,100,61,7.9,,2
CW,2499,Ground,T,11/4/2009,5:18:00 PM,Full Moon,On,128,128,32,0,100,61,7.8,,2
CW,2499,Ground,M 1/3,11/4/2009,5:18:11 PM,Full Moon,On,128,128,32,0,100,61,7.7,,2
CW,2499,Ground,M 2/3,11/4/2009,5:18:14 PM,Full Moon,On,128,128,32,0,100,61,7.9,,2
CW,2499,Ground,M 3/3,11/4/2009,5:18:16 PM,Full Moon,On,128,128,32,0,100,61,7.9,,2
CW,2499,Ground,M 1/3,11/4/2009,5:19:00 PM,Full Moon,On,128,128,32,0,100,61,7.7,,2
CW,2499,Ground,M 2/3,11/4/2009,5:19:02 PM,Full Moon,On,128,128,32,0,100,61,7.9,,2
CW,2499,Ground,M 3/3,11/4/2009,5:19:03 PM,Full Moon,On,128,128,32,0,100,61,7.9,,2
CW,2499,Ground,M 1/3,11/4/2009,5:19:18 PM,Full Moon,On,128,128,32,0,100,61,7.7,,2
CW,2499,Ground,M 2/3,11/4/2009,5:19:20 PM,Full Moon,On,128,128,32,0,100,61,7.9,,2
CW,2499,Ground,M 3/3,11/4/2009,5:19:22 PM,Full Moon,On,128,128,32,0,100,61,7.9,,2
CW,2499,Ground,M 1/3,11/4/2009,5:19:38 PM,Full Moon,On,128,128,32,0,100,61,7.7,,2
CW,2499,Ground,M 2/3,11/4/2009,5:19:40 PM,Full Moon,On,128,128,32,0,100,61,7.9,,2
CW,2499,Ground,M 3/3,11/4/2009,5:19:41 PM,Full Moon,On,128,128,32,0,100,61,7.9,,2
CW,2499,Ground,M 1/3,11/4/2009,5:19:57 PM,Full Moon,On,128,128,32,0,100,61,7.7,,2
CW,2499,Ground,M 2/3,11/4/2009,5:19:58 PM,Full Moon,On,128,128,32,0,100,61,7.9,,2
CW,2499,Ground,M 3/3,11/4/2009,5:20:00 PM,Full Moon,On,128,128,32,0,100,61,7.9,,2
CW,2499,Ground,T,11/4/2009,5:20:00 PM,Full Moon,On,128,128,32,0,100,61,7.7,,2
CW,2499,Ground,M 1/3,11/4/2009,5:20:17 PM,Full Moon,On,128,128,32,0,100,61,7.7,,2
CW,2499,Ground,M 2/3,11/4/2009,5:20:19 PM,Full Moon,On,128,128,32,0,100,61,7.9,,2
CW,2499,Ground,M 3/3,11/4/2009,5:20:20 PM,Full Moon,On,128,128,32,0,100,61,7.9,,2
CW,2499,Ground,M 1/3,11/4/2009,5:20:38 PM,Full Moon,On,128,128,32,0,100,61,7.7,,2
CW,2499,Ground,M 2/3,11/4/2009,5:20:40 PM,Full Moon,On,128,128,32,0,100,61,7.9,,2
CW,2499,Ground,M 3/3,11/4/2009,5:20:41 PM,Full Moon,On,128,128,32,0,100,61,7.9,,2
CW,2499,Ground,M 1/3,11/4/2009,5:20:57 PM,Full Moon,On,128,128,32,0,100,61,7.7,,2
CW,2499,Ground,M 2/3,11/4/2009,5:20:59 PM,Full Moon,On,128,128,32,0,100,61,7.9,,2
CW,2499,Ground,M 3/3,11/4/2009,5:21:01 PM,Full Moon,On,128,128,32,0,100,61,7.9,,2
CW,2499,Ground,M 1/3,11/4/2009,5:22:29 PM,Full Moon,On,128,128,32,0,100,61,7.7,,2
CW,2499,Ground,M 2/3,11/4/2009,5:22:32 PM,Full Moon,On,128,128,32,0,100,61,7.9,,2
CW,2499,Ground,M 3/3,11/4/2009,5:22:34 PM,Full Moon,On,128,128,32,0,100,61,7.9,,2
CW,2525,Ground,M 1/3,11/5/2009,9:19:35 PM,Waning Gibbous,On,128,128,32,0,100,50,7.4,,2
CW,2525,Ground,M 2/3,11/5/2009,9:19:37 PM,Waning Gibbous,On,128,128,32,0,100,50,7.6,,2
CW,2525,Ground,M 3/3,11/5/2009,9:19:38 PM,Waning Gibbous,On,128,128,32,0,100,50,7.6,,2
CW,2525,Ground,M 1/3,11/5/2009,9:19:53 PM,Waning Gibbous,On,128,128,32,0,100,50,7.4,,2
CW,2525,Ground,M 2/3,11/5/2009,9:19:55 PM,Waning Gibbous,On,128,128,32,0,100,50,7.6,,2
CW,2525,Ground,M 3/3,11/5/2009,9:19:56 PM,Waning Gibbous,On,128,128,32,0,100,50,7.6,,2
CW,2525,Ground,T,11/5/2009,9:20:00 PM,Waning Gibbous,On,128,128,32,0,100,50,7.4,,2
CW,2525,Ground,M 1/3,11/5/2009,9:20:13 PM,Waning Gibbous,On,128,128,32,0,100,50,7.4,,2
CW,2525,Ground,M 2/3,11/5/2009,9:20:15 PM,Waning Gibbous,On,128,128,32,0,100,50,7.6,,2
CW,2525,Ground,M 3/3,11/5/2009,9:20:16 PM,Waning Gibbous,On,128,128,32,0,100,50,7.6,,2
CW,2525,Ground,M 1/3,11/5/2009,9:20:37 PM,Waning Gibbous,On,128,128,32,0,100,50,7.4,,2
CW,2525,Ground,M 2/3,11/5/2009,9:20:38 PM,Waning Gibbous,On,128,128,32,0,100,50,7.6,,2
CW,2525,Ground,M 3/3,11/5/2009,9:20:40 PM,Waning Gibbous,On,128,128,32,0,100,50,7.6,,2
CW,2525,Ground,M 1/3,11/5/2009,9:20:56 PM,Waning Gibbous,On,128,128,32,0,100,50,7.4,,2
CW,2525,Ground,M 2/3,11/5/2009,9:20:58 PM,Waning Gibbous,On,128,128,32,0,100,50,7.6,,2
CW,2525,Ground,M 3/3,11/5/2009,9:20:59 PM,Waning Gibbous,On,128,128,32,0,100,50,7.6,,2
CW,2525,Ground,M 1/3,11/5/2009,9:23:04 PM,Waning Gibbous,On,128,128,32,0,100,51,7.4,,2
CW,2525,Ground,M 2/3,11/5/2009,9:23:05 PM,Waning Gibbous,On,128,128,32,0,100,51,7.6,,2
CW,2525,Ground,M 3/3,11/5/2009,9:23:07 PM,Waning Gibbous,On,128,128,32,0,100,51,7.6,,2
CW,2525,Ground,M 1/3,11/5/2009,9:23:23 PM,Waning Gibbous,On,128,128,32,0,100,51,7.4,,2
CW,2525,Ground,M 2/3,11/5/2009,9:23:24 PM,Waning Gibbous,On,128,128,32,0,100,51,7.6,,2
CW,2525,Ground,M 3/3,11/5/2009,9:23:25 PM,Waning Gibbous,On,128,128,32,0,100,51,7.6,,2
CW,2525,Ground,M 1/3,11/5/2009,9:23:41 PM,Waning Gibbous,On,128,128,32,0,100,51,7.4,,2
CW,2525,Ground,M 2/3,11/5/2009,9:23:42 PM,Waning Gibbous,On,128,128,32,0,100,51,7.6,,2
CW,2525,Ground,M 3/3,11/5/2009,9:23:43 PM,Waning Gibbous,On,128,128,32,0,100,51,7.6,,2
CW,2525,Ground,T,11/5/2009,9:24:00 PM,Waning Gibbous,On,128,128,32,0,100,51,7.4,,2
CW,2525,Ground,M 1/3,11/5/2009,9:24:02 PM,Waning Gibbous,On,128,128,32,0,100,51,7.4,,2
CW,2525,Ground,M 2/3,11/5/2009,9:24:03 PM,Waning Gibbous,On,128,128,32,0,100,51,7.6,,2
CW,2525,Ground,M 3/3,11/5/2009,9:24:05 PM,Waning Gibbous,On,128,128,32,0,100,51,7.6,,2
CW,2525,Ground,M 1/3,11/5/2009,9:24:20 PM,Waning Gibbous,On,128,128,32,0,100,51,7.4,,2
CW,2525,Ground,M 2/3,11/5/2009,9:24:22 PM,Waning Gibbous,On,128,128,32,0,100,51,7.6,,2
CW,2525,Ground,M 3/3,11/5/2009,9:24:23 PM,Waning Gibbous,On,128,128,32,0,100,51,7.6,,2
CW,2525,Ground,M 1/3,11/5/2009,9:24:39 PM,Waning Gibbous,On,128,128,32,0,100,51,7.4,,2
CW,2525,Ground,M 2/3,11/5/2009,9:24:40 PM,Waning Gibbous,On,128,128,32,0,100,51,7.6,,2
CW,2525,Ground,M 3/3,11/5/2009,9:24:42 PM,Waning Gibbous,On,128,128,32,0,100,51,7.6,,2
CW,2525,Ground,M 1/3,11/5/2009,9:25:08 PM,Waning Gibbous,On,128,128,32,0,100,51,7.4,,2
CW,2525,Ground,M 2/3,11/5/2009,9:25:10 PM,Waning Gibbous,On,128,128,32,0,100,51,7.6,,2
CW,2525,Ground,M 3/3,11/5/2009,9:25:11 PM,Waning Gibbous,On,128,128,32,0,100,51,7.6,,2
CW,2525,Ground,M 1/3,11/5/2009,9:25:27 PM,Waning Gibbous,On,128,128,32,0,100,51,7.4,,2
CW,2525,Ground,M 2/3,11/5/2009,9:25:29 PM,Waning Gibbous,On,128,128,32,0,100,51,7.6,,2
CW,2525,Ground,M 3/3,11/5/2009,9:25:30 PM,Waning Gibbous,On,128,128,32,0,100,51,7.6,,2
CW,2525,Ground,M 1/3,11/5/2009,9:25:46 PM,Waning Gibbous,On,128,128,32,0,100,51,7.4,,2
CW,2525,Ground,M 2/3,11/5/2009,9:25:47 PM,Waning Gibbous,On,128,128,32,0,100,51,7.6,,2
CW,2525,Ground,M 3/3,11/5/2009,9:25:49 PM,Waning Gibbous,On,128,128,32,0,100,51,7.6,,2
CW,2525,Ground,T,11/5/2009,9:26:00 PM,Waning Gibbous,On,128,128,32,0,100,51,7.4,,2
CW,2525,Ground,M 1/3,11/5/2009,9:26:09 PM,Waning Gibbous,On,128,128,32,0,100,51,7.4,,2
CW,2525,Ground,M 2/3,11/5/2009,9:26:11 PM,Waning Gibbous,On,128,128,32,0,100,51,7.6,,2
CW,2525,Ground,M 3/3,11/5/2009,9:26:12 PM,Waning Gibbous,On,128,128,32,0,100,51,7.6,,2
CW,2525,Ground,M 2/3,11/5/2009,9:26:40 PM,Waning Gibbous,On,128,128,32,0,100,51,7.6,,2
CW,2506,Ground,M 1/3,11/6/2009,8:19:47 AM,Waning Gibbous,Off,159,95,64,191,100,46,7.7,,2
CW,2506,Ground,M 2/3,11/6/2009,8:19:50 AM,Waning Gibbous,Off,159,95,64,191,100,46,7.7,,2
CW,2506,Ground,M 3/3,11/6/2009,8:19:53 AM,Waning Gibbous,Off,159,95,64,191,100,46,7.7,,2
CW,2506,Ground,T,11/6/2009,8:20:00 AM,Waning Gibbous,Off,159,95,64,191,100,46,7.7,,2
CW,2506,Ground,M 1/3,11/6/2009,8:20:08 AM,Waning Gibbous,Off,159,95,64,191,100,46,7.7,,2
CW,2506,Ground,M 2/3,11/6/2009,8:20:11 AM,Waning Gibbous,Off,159,95,64,191,100,46,7.7,,2
CW,2506,Ground,M 3/3,11/6/2009,8:20:14 AM,Waning Gibbous,Off,159,95,64,191,100,46,7.7,,2
CW,2506,Ground,M 1/3,11/6/2009,8:20:29 AM,Waning Gibbous,Off,159,95,64,191,100,46,7.7,,2
CW,2506,Ground,M 2/3,11/6/2009,8:20:32 AM,Waning Gibbous,Off,159,95,64,191,100,46,7.7,,2
CW,2506,Ground,M 3/3,11/6/2009,8:20:35 AM,Waning Gibbous,Off,159,95,64,191,100,46,7.7,,2
CW,2506,Ground,M 1/3,11/6/2009,8:21:07 AM,Waning Gibbous,Off,159,95,64,191,100,47,7.7,,2
CW,2506,Ground,M 2/3,11/6/2009,8:21:10 AM,Waning Gibbous,Off,159,95,64,191,100,47,7.7,,2
CW,2506,Ground,M 3/3,11/6/2009,8:21:12 AM,Waning Gibbous,Off,159,95,64,191,100,47,7.7,,2
CW,2506,Ground,M 1/3,11/6/2009,8:21:29 AM,Waning Gibbous,Off,159,95,64,191,100,47,7.7,,2
CW,2506,Ground,M 2/3,11/6/2009,8:21:32 AM,Waning Gibbous,Off,159,95,64,191,100,47,7.7,,2
CW,2506,Ground,M 3/3,11/6/2009,8:21:34 AM,Waning Gibbous,Off,159,95,64,191,100,47,7.7,,2
CW,2506,Ground,M 1/3,11/6/2009,8:21:57 AM,Waning Gibbous,Off,159,95,64,191,100,47,7.7,,2
CW,2506,Ground,M 2/3,11/6/2009,8:21:59 AM,Waning Gibbous,Off,159,95,64,191,100,47,7.7,,2
CW,2506,Ground,M 3/3,11/6/2009,8:22:02 AM,Waning Gibbous,Off,159,95,64,191,100,47,7.7,,2
CW,2506,Ground,T,11/6/2009,8:22:02 AM,Waning Gibbous,Off,159,95,64,191,100,47,7.7,,2
CW,2506,Ground,M 1/3,11/6/2009,8:22:25 AM,Waning Gibbous,Off,159,95,64,191,100,47,7.7,,2
CW,2506,Ground,M 2/3,11/6/2009,8:22:27 AM,Waning Gibbous,Off,159,95,64,191,100,47,7.7,,2
CW,2506,Ground,M 3/3,11/6/2009,8:22:30 AM,Waning Gibbous,Off,159,95,64,191,100,47,7.7,,2
CW,2506,Ground,M 1/3,11/6/2009,8:22:45 AM,Waning Gibbous,Off,159,95,64,191,100,47,7.7,,2
CW,2506,Ground,M 2/3,11/6/2009,8:22:48 AM,Waning Gibbous,Off,159,95,64,191,100,47,7.7,,2
CW,2506,Ground,M 3/3,11/6/2009,8:22:50 AM,Waning Gibbous,Off,159,95,64,191,100,47,7.7,,2
CW,2506,Ground,M 1/3,11/6/2009,8:23:06 AM,Waning Gibbous,Off,159,95,64,191,100,47,7.7,,2
CW,2506,Ground,M 2/3,11/6/2009,8:23:08 AM,Waning Gibbous,Off,159,95,64,191,100,47,7.7,,2
CW,2506,Ground,M 3/3,11/6/2009,8:23:11 AM,Waning Gibbous,Off,159,95,64,191,100,47,7.7,,2
CW,2506,Ground,M 1/3,11/6/2009,8:23:34 AM,Waning Gibbous,Off,159,95,64,191,100,47,7.7,,2
CW,2506,Ground,M 2/3,11/6/2009,8:23:37 AM,Waning Gibbous,Off,159,95,64,191,100,47,7.7,,2
CW,2506,Ground,M 3/3,11/6/2009,8:23:39 AM,Waning Gibbous,Off,159,95,64,191,100,47,7.7,,2
CW,2506,Ground,M 1/3,11/6/2009,8:24:02 AM,Waning Gibbous,Off,159,95,64,191,100,47,7.7,,2
CW,2506,Ground,M 2/3,11/6/2009,8:24:05 AM,Waning Gibbous,Off,159,95,64,191,100,47,7.7,,2
CW,2506,Ground,M 3/3,11/6/2009,8:24:07 AM,Waning Gibbous,Off,159,95,64,191,100,47,7.7,,2
CW,2506,Ground,M 1/3,11/6/2009,8:24:23 AM,Waning Gibbous,Off,159,95,64,191,100,47,7.7,,2
CW,2506,Ground,M 2/3,11/6/2009,8:24:25 AM,Waning Gibbous,Off,159,95,64,191,100,47,7.7,,2
CW,2506,Ground,M 3/3,11/6/2009,8:24:28 AM,Waning Gibbous,Off,159,95,64,191,100,47,7.7,,2
CW,2506,Ground,M 1/3,11/6/2009,8:24:44 AM,Waning Gibbous,Off,159,95,64,191,100,47,7.7,,2
CW,2506,Ground,M 2/3,11/6/2009,8:24:46 AM,Waning Gibbous,Off,159,95,64,191,100,47,7.7,,2
CW,2506,Ground,M 3/3,11/6/2009,8:24:49 AM,Waning Gibbous,Off,159,95,64,191,100,47,7.7,,2
CW,2506,Ground,M 1/3,11/6/2009,8:25:10 AM,Waning Gibbous,Off,159,95,64,191,100,47,7.7,,2
CW,2506,Ground,M 2/3,11/6/2009,8:25:13 AM,Waning Gibbous,Off,159,95,64,191,100,47,7.7,,2
CW,2506,Ground,M 3/3,11/6/2009,8:25:16 AM,Waning Gibbous,Off,159,95,64,191,100,47,7.7,,2
CW,2506,Ground,M 1/3,11/6/2009,8:25:33 AM,Waning Gibbous,Off,159,95,64,191,100,47,7.7,,2
CW,2506,Ground,M 2/3,11/6/2009,8:25:35 AM,Waning Gibbous,Off,159,95,64,191,100,47,7.7,,2
CW,2506,Ground,M 3/3,11/6/2009,8:25:38 AM,Waning Gibbous,Off,159,95,64,191,100,47,7.7,,2
CW,2506,Ground,M 1/3,11/6/2009,8:25:55 AM,Waning Gibbous,Off,159,95,64,191,100,47,7.7,,2
CW,2506,Ground,M 2/3,11/6/2009,8:25:58 AM,Waning Gibbous,Off,159,95,64,191,100,47,7.7,,2
CW,2506,Ground,M 3/3,11/6/2009,8:26:01 AM,Waning Gibbous,Off,159,95,64,191,100,47,7.7,,2
CW,2506,Ground,M 1/3,11/6/2009,8:26:45 AM,Waning Gibbous,Off,159,95,64,191,100,47,7.7,,2
CW,2506,Ground,M 2/3,11/6/2009,8:26:48 AM,Waning Gibbous,Off,159,95,64,191,100,47,7.7,,2
CW,2506,Ground,M 3/3,11/6/2009,8:26:51 AM,Waning Gibbous,Off,159,95,64,191,100,47,7.7,,2
CW,2506,Ground,M 1/3,11/6/2009,8:27:16 AM,Waning Gibbous,Off,159,95,64,191,100,47,7.7,,2
CW,2506,Ground,M 2/3,11/6/2009,8:27:19 AM,Waning Gibbous,Off,159,95,64,191,100,47,7.7,,2
CW,2506,Ground,M 3/3,11/6/2009,8:27:21 AM,Waning Gibbous,Off,159,95,64,191,100,47,7.7,,2
CW,2506,Ground,M 1/3,11/7/2009,7:23:43 AM,Waning Gibbous,Off,159,95,64,191,100,48,7.6,,2
CW,2506,Ground,M 2/3,11/7/2009,7:23:46 AM,Waning Gibbous,Off,159,95,64,191,100,48,7.6,,2
CW,2506,Ground,M 3/3,11/7/2009,7:23:49 AM,Waning Gibbous,Off,159,95,64,191,100,48,7.6,,2
CW,2506,Ground,T,11/7/2009,7:24:00 AM,Waning Gibbous,Off,159,95,64,191,100,48,7.6,,2
CW,2506,Ground,M 1/3,11/7/2009,7:24:26 AM,Waning Gibbous,Off,159,95,64,191,100,48,7.6,,2
CW,2506,Ground,M 2/3,11/7/2009,7:24:28 AM,Waning Gibbous,Off,159,95,64,191,100,48,7.6,,2
CW,2506,Ground,M 3/3,11/7/2009,7:24:31 AM,Waning Gibbous,Off,159,95,64,191,100,48,7.6,,2
CW,2506,Ground,M 1/3,11/7/2009,7:24:59 AM,Waning Gibbous,Off,159,95,64,191,100,48,7.6,,2
CW,2506,Ground,M 2/3,11/7/2009,7:25:02 AM,Waning Gibbous,Off,159,95,64,191,100,48,7.6,,2
CW,2506,Ground,M 3/3,11/7/2009,7:25:04 AM,Waning Gibbous,Off,159,95,64,191,100,48,7.6,,2
CW,2506,Ground,M 1/3,11/7/2009,7:25:21 AM,Waning Gibbous,Off,159,95,64,191,100,48,7.6,,2
CW,2506,Ground,M 2/3,11/7/2009,7:25:24 AM,Waning Gibbous,Off,159,95,64,191,100,48,7.6,,2
CW,2506,Ground,M 3/3,11/7/2009,7:25:26 AM,Waning Gibbous,Off,159,95,64,191,100,48,7.6,,2
CW,2506,Ground,M 1/3,11/7/2009,7:25:43 AM,Waning Gibbous,Off,159,95,64,191,100,48,7.6,,2
CW,2506,Ground,T,11/7/2009,7:26:00 AM,Waning Gibbous,Off,159,95,64,191,100,48,7.6,,2
CW,2506,Ground,M 1/3,11/7/2009,7:26:03 AM,Waning Gibbous,Off,159,95,64,191,100,48,7.6,,2
CW,2506,Ground,M 2/3,11/7/2009,7:26:06 AM,Waning Gibbous,Off,159,95,64,191,100,48,7.6,,2
CW,2506,Ground,M 3/3,11/7/2009,7:26:08 AM,Waning Gibbous,Off,159,95,64,191,100,48,7.6,,2
CW,2506,Ground,M 1/3,11/7/2009,7:27:44 AM,Waning Gibbous,Off,159,95,64,191,100,48,7.6,,2
CW,2506,Ground,M 2/3,11/7/2009,7:27:47 AM,Waning Gibbous,Off,159,95,64,191,100,48,7.6,,2
CW,2506,Ground,M 3/3,11/7/2009,7:27:49 AM,Waning Gibbous,Off,159,95,64,191,100,48,7.6,,2
CW,2506,Ground,T,11/7/2009,7:28:00 AM,Waning Gibbous,Off,159,95,64,191,100,48,7.6,,2
CW,2506,Ground,M 1/3,11/7/2009,7:28:06 AM,Waning Gibbous,Off,159,95,64,191,100,48,7.6,,2
CW,2506,Ground,M 2/3,11/7/2009,7:28:08 AM,Waning Gibbous,Off,159,95,64,191,100,48,7.6,,2
CW,2506,Ground,M 3/3,11/7/2009,7:28:11 AM,Waning Gibbous,Off,159,95,64,191,100,48,7.6,,2
CW,2506,Ground,M 1/3,11/7/2009,7:28:53 AM,Waning Gibbous,Off,159,95,64,191,100,48,7.6,,2
CW,2506,Ground,M 2/3,11/7/2009,7:28:55 AM,Waning Gibbous,Off,159,95,64,191,100,48,7.6,,2
CW,2506,Ground,M 3/3,11/7/2009,7:28:58 AM,Waning Gibbous,Off,159,95,64,191,100,48,7.6,,2
CW,2532,Ground,M 1/3,11/7/2009,3:06:45 PM,Waning Gibbous,On,128,128,32,0,100,56,7.3,,2
CW,2532,Ground,M 2/3,11/7/2009,3:06:46 PM,Waning Gibbous,On,128,128,32,0,100,56,7.5,,2
CW,2532,Ground,M 3/3,11/7/2009,3:06:48 PM,Waning Gibbous,On,128,128,32,0,100,56,7.5,,2
CW,2532,Ground,M 1/3,11/7/2009,3:07:13 PM,Waning Gibbous,On,128,128,32,0,100,56,7.3,,2
CW,2532,Ground,M 2/3,11/7/2009,3:07:15 PM,Waning Gibbous,On,128,128,32,0,100,56,7.5,,2
CW,2532,Ground,M 3/3,11/7/2009,3:07:17 PM,Waning Gibbous,On,128,128,32,0,100,56,7.5,,2
CW,2502,Ground,M 1/3,11/7/2009,7:59:54 AM,Waning Gibbous,Off,159,95,64,191,100,53,7.6,,2
CW,2502,Ground,M 2/3,11/7/2009,7:59:56 AM,Waning Gibbous,Off,159,95,64,191,100,53,7.6,,2
CW,2502,Ground,M 3/3,11/7/2009,7:59:59 AM,Waning Gibbous,Off,159,95,64,191,100,53,7.6,,2
CW,2502,Ground,T,11/7/2009,8:00:02 AM,Waning Gibbous,Off,159,95,64,191,100,53,7.6,,2
CW,2502,Ground,M 1/3,11/7/2009,8:00:16 AM,Waning Gibbous,Off,159,95,64,191,100,53,7.6,,2
CW,2502,Ground,M 2/3,11/7/2009,8:00:18 AM,Waning Gibbous,Off,159,95,64,191,100,53,7.6,,2
CW,2502,Ground,M 3/3,11/7/2009,8:00:21 AM,Waning Gibbous,Off,159,95,64,191,100,53,7.6,,2
CW,2502,Ground,M 1/3,11/7/2009,8:00:39 AM,Waning Gibbous,Off,159,95,64,191,100,53,7.6,,2
CW,2502,Ground,M 2/3,11/7/2009,8:00:41 AM,Waning Gibbous,Off,159,95,64,191,100,53,7.6,,2
CW,2502,Ground,M 3/3,11/7/2009,8:00:44 AM,Waning Gibbous,Off,159,95,64,191,100,53,7.6,,2
CW,2502,Ground,M 1/3,11/7/2009,8:01:04 AM,Waning Gibbous,Off,159,95,64,191,100,53,7.6,,2
CW,2502,Ground,M 2/3,11/7/2009,8:01:07 AM,Waning Gibbous,Off,159,95,64,191,100,53,7.6,,2
CW,2502,Ground,M 3/3,11/7/2009,8:01:10 AM,Waning Gibbous,Off,159,95,64,191,100,53,7.6,,2
CW,2502,Ground,M 1/3,11/7/2009,8:01:38 AM,Waning Gibbous,Off,159,95,64,191,100,53,7.6,,2
CW,2502,Ground,M 2/3,11/7/2009,8:01:41 AM,Waning Gibbous,Off,159,95,64,191,100,53,7.6,,2
CW,2502,Ground,M 3/3,11/7/2009,8:01:43 AM,Waning Gibbous,Off,159,95,64,191,100,53,7.6,,2
CW,2502,Ground,M 1/3,11/7/2009,8:02:10 AM,Waning Gibbous,Off,159,95,64,191,100,53,7.6,,2
CW,2502,Ground,M 2/3,11/7/2009,8:02:13 AM,Waning Gibbous,Off,159,95,64,191,100,53,7.6,,2
CW,2502,Ground,M 3/3,11/7/2009,8:02:16 AM,Waning Gibbous,Off,159,95,64,191,100,53,7.6,,2
CW,2502,Ground,M 1/3,11/7/2009,8:02:38 AM,Waning Gibbous,Off,159,95,64,191,100,53,7.6,,2
CW,2502,Ground,M 2/3,11/7/2009,8:02:41 AM,Waning Gibbous,Off,159,95,64,191,100,53,7.6,,2
CW,2502,Ground,M 3/3,11/7/2009,8:02:44 AM,Waning Gibbous,Off,159,95,64,191,100,53,7.6,,2
CW,2502,Ground,M 1/3,11/7/2009,8:03:02 AM,Waning Gibbous,Off,159,95,64,191,100,53,7.6,,2
CW,2502,Ground,M 2/3,11/7/2009,8:03:04 AM,Waning Gibbous,Off,159,95,64,191,100,53,7.6,,2
CW,2502,Ground,M 3/3,11/7/2009,8:03:07 AM,Waning Gibbous,Off,159,95,64,191,100,53,7.6,,2
CW,2502,Ground,M 1/3,11/7/2009,8:03:38 AM,Waning Gibbous,Off,159,95,64,191,100,53,7.6,,2
CW,2502,Ground,M 2/3,11/7/2009,8:03:40 AM,Waning Gibbous,Off,159,95,64,191,100,53,7.6,,2
CW,2502,Ground,M 3/3,11/7/2009,8:03:43 AM,Waning Gibbous,Off,159,95,64,191,100,53,7.6,,2
CW,2502,Ground,T,11/7/2009,8:04:00 AM,Waning Gibbous,Off,159,95,64,191,100,53,7.6,,2
CW,2502,Ground,M 1/3,11/7/2009,8:04:16 AM,Waning Gibbous,Off,159,95,64,191,100,53,7.6,,2
CW,2502,Ground,M 2/3,11/7/2009,8:04:19 AM,Waning Gibbous,Off,159,95,64,191,100,53,7.6,,2
CW,2502,Ground,M 3/3,11/7/2009,8:04:22 AM,Waning Gibbous,Off,159,95,64,191,100,53,7.6,,2
CW,2502,Ground,M 1/3,11/7/2009,8:04:39 AM,Waning Gibbous,Off,159,95,64,191,100,53,7.6,,2
CW,2502,Ground,M 2/3,11/7/2009,8:04:42 AM,Waning Gibbous,Off,159,95,64,191,100,53,7.6,,2
CW,2502,Ground,M 3/3,11/7/2009,8:04:44 AM,Waning Gibbous,Off,159,95,64,191,100,53,7.6,,2
CW,2502,Ground,M 1/3,11/7/2009,8:05:05 AM,Waning Gibbous,Off,159,95,64,191,100,53,7.6,,2
CW,2502,Ground,M 2/3,11/7/2009,8:05:07 AM,Waning Gibbous,Off,159,95,64,191,100,53,7.6,,2
CW,2502,Ground,M 3/3,11/7/2009,8:05:10 AM,Waning Gibbous,Off,159,95,64,191,100,53,7.6,,2
CW,2502,Ground,M 1/3,11/7/2009,8:05:38 AM,Waning Gibbous,Off,159,95,64,191,100,53,7.6,,2
CW,2502,Ground,M 2/3,11/7/2009,8:05:41 AM,Waning Gibbous,Off,159,95,64,191,100,53,7.6,,2
CW,2502,Ground,M 3/3,11/7/2009,8:05:44 AM,Waning Gibbous,Off,159,95,64,191,100,53,7.6,,2
CW,2502,Ground,T,11/7/2009,8:06:00 AM,Waning Gibbous,Off,159,95,64,191,100,53,7.6,,2
CW,2502,Ground,M 1/3,11/7/2009,8:06:03 AM,Waning Gibbous,Off,159,95,64,191,100,53,7.6,,2
CW,2502,Ground,M 2/3,11/7/2009,8:06:05 AM,Waning Gibbous,Off,159,95,64,191,100,53,7.6,,2
CW,2502,Ground,M 3/3,11/7/2009,8:06:08 AM,Waning Gibbous,Off,159,95,64,191,100,53,7.6,,2
CW,2502,Ground,M 1/3,11/7/2009,8:06:31 AM,Waning Gibbous,Off,159,95,64,191,100,54,7.6,,2
CW,2502,Ground,M 2/3,11/7/2009,8:06:34 AM,Waning Gibbous,Off,159,95,64,191,100,54,7.6,,2
CW,2502,Ground,M 3/3,11/7/2009,8:06:37 AM,Waning Gibbous,Off,159,95,64,191,100,54,7.6,,2
CH,2672,Ground,M 1/3,11/7/2009,2:09:01 PM,Waning Gibbous,Off,159,95,64,191,100,67,7.8,,2
CH,2672,Ground,M 2/3,11/7/2009,2:09:03 PM,Waning Gibbous,Off,159,95,64,191,100,67,7.8,,2
CH,2672,Ground,M 3/3,11/7/2009,2:09:05 PM,Waning Gibbous,Off,159,95,64,191,100,67,7.8,,2
CH,2672,Ground,M 1/3,11/7/2009,2:09:50 PM,Waning Gibbous,Off,159,95,64,191,100,67,7.8,,2
CH,2672,Ground,M 2/3,11/7/2009,2:09:52 PM,Waning Gibbous,Off,159,95,64,191,100,67,7.8,,2
CH,2672,Ground,M 3/3,11/7/2009,2:09:53 PM,Waning Gibbous,Off,159,95,64,191,100,67,7.8,,2
CH,2672,Ground,T,11/7/2009,2:10:00 PM,Waning Gibbous,Off,159,95,64,191,100,67,7.8,,2
CH,2672,Ground,M 1/3,11/7/2009,2:10:11 PM,Waning Gibbous,Off,159,95,64,191,100,67,7.8,,2
CH,2672,Ground,M 2/3,11/7/2009,2:10:13 PM,Waning Gibbous,Off,159,95,64,191,100,67,7.8,,2
CH,2672,Ground,M 3/3,11/7/2009,2:10:14 PM,Waning Gibbous,Off,159,95,64,191,100,67,7.8,,2
CH,2672,Ground,M 1/3,11/7/2009,2:10:30 PM,Waning Gibbous,Off,159,95,64,191,100,67,7.8,,2
CH,2672,Ground,M 2/3,11/7/2009,2:10:32 PM,Waning Gibbous,Off,159,95,64,191,100,67,7.8,,2
CH,2672,Ground,M 3/3,11/7/2009,2:10:33 PM,Waning Gibbous,Off,159,95,64,191,100,67,7.8,,2
CH,2672,Ground,M 1/3,11/7/2009,2:10:49 PM,Waning Gibbous,Off,159,95,64,191,100,67,7.8,,2
CH,2672,Ground,M 2/3,11/7/2009,2:10:51 PM,Waning Gibbous,Off,159,95,64,191,100,67,7.8,,2
CH,2672,Ground,M 3/3,11/7/2009,2:10:53 PM,Waning Gibbous,Off,159,95,64,191,100,67,7.8,,2
CH,2672,Ground,M 1/3,11/7/2009,2:12:04 PM,Waning Gibbous,Off,159,95,64,191,100,67,7.8,,2
CH,2672,Ground,M 2/3,11/7/2009,2:12:06 PM,Waning Gibbous,Off,159,95,64,191,100,67,7.8,,2
CH,2672,Ground,M 3/3,11/7/2009,2:12:08 PM,Waning Gibbous,Off,159,95,64,191,100,67,7.8,,2
CW,2526,Ground,M 1/3,11/8/2009,6:54:05 AM,Last Quarter,Off,159,95,64,191,100,49,7.5,,2
CW,2526,Ground,M 2/3,11/8/2009,6:54:07 AM,Last Quarter,Off,159,95,64,191,100,49,7.5,,2
CW,2526,Ground,M 3/3,11/8/2009,6:54:10 AM,Last Quarter,Off,159,95,64,191,100,49,7.5,,2
CW,2526,Ground,M 1/3,11/8/2009,6:54:26 AM,Last Quarter,Off,159,95,64,191,100,49,7.5,,2
CW,2526,Ground,M 2/3,11/8/2009,6:54:28 AM,Last Quarter,Off,159,95,64,191,100,49,7.5,,2
CW,2526,Ground,M 3/3,11/8/2009,6:54:31 AM,Last Quarter,Off,159,95,64,191,100,49,7.5,,2
CW,2526,Ground,M 1/3,11/8/2009,6:54:47 AM,Last Quarter,Off,159,95,64,191,100,49,7.5,,2
CW,2526,Ground,M 2/3,11/8/2009,6:54:49 AM,Last Quarter,Off,159,95,64,191,100,49,7.5,,2
CH,2672,Ground,M 1/3,11/8/2009,10:37:23 AM,Last Quarter,Off,159,95,64,191,100,59,7.7,,2
CH,2672,Ground,M 2/3,11/8/2009,10:37:25 AM,Last Quarter,Off,159,95,64,191,100,59,7.7,,2
CH,2672,Ground,M 3/3,11/8/2009,10:37:26 AM,Last Quarter,Off,159,95,64,191,100,59,7.7,,2
CH,2672,Ground,M 2/3,11/8/2009,10:47:48 AM,Last Quarter,Off,159,95,64,191,100,60,7.7,,2
CH,2672,Ground,M 3/3,11/8/2009,10:47:49 AM,Last Quarter,Off,159,95,64,191,100,60,7.7,,2
CH,2672,Ground,T,11/8/2009,10:48:00 AM,Last Quarter,Off,159,95,64,191,100,60,7.7,,2
CW,2618,Ground,M 2/3,11/12/2009,10:20:26 AM,Waning Crescent,Off,159,95,64,191,100,64,8,,2
CW,2618,Ground,M 3/3,11/12/2009,10:20:28 AM,Waning Crescent,Off,159,95,64,191,100,64,8,,2
CW,2618,Ground,M 1/3,11/12/2009,10:20:44 AM,Waning Crescent,Off,159,95,64,191,100,64,8,,2
CW,2618,Ground,M 2/3,11/12/2009,10:20:47 AM,Waning Crescent,Off,159,95,64,191,100,64,8,,2
CW,2618,Ground,M 3/3,11/12/2009,10:20:49 AM,Waning Crescent,Off,159,95,64,191,100,64,8,,2
CW,2614,Ground,M 1/3,11/14/2009,10:44:46 AM,Waning Crescent,Off,159,95,64,191,100,61,7.7,,2
CW,2614,Ground,M 2/3,11/14/2009,10:44:48 AM,Waning Crescent,Off,159,95,64,191,100,61,7.7,,2
CW,2614,Ground,M 3/3,11/14/2009,10:44:50 AM,Waning Crescent,Off,159,95,64,191,100,61,7.7,,2
CW,2614,Ground,M 1/3,11/14/2009,10:45:07 AM,Waning Crescent,Off,159,95,64,191,100,61,7.7,,2
CW,2614,Ground,M 2/3,11/14/2009,10:45:09 AM,Waning Crescent,Off,159,95,64,191,100,61,7.7,,2
CW,2614,Ground,M 3/3,11/14/2009,10:45:11 AM,Waning Crescent,Off,159,95,64,191,100,61,7.7,,2
CW,2614,Ground,M 1/3,11/14/2009,10:45:28 AM,Waning Crescent,Off,159,95,64,191,100,61,7.7,,2
CW,2614,Ground,M 2/3,11/14/2009,10:45:30 AM,Waning Crescent,Off,159,95,64,191,100,61,7.7,,2
CW,2614,Ground,M 3/3,11/14/2009,10:45:32 AM,Waning Crescent,Off,159,95,64,191,100,61,7.7,,2
CW,2614,Ground,M 1/3,11/14/2009,10:45:47 AM,Waning Crescent,Off,159,95,64,191,100,61,7.7,,2
CW,2614,Ground,M 2/3,11/14/2009,10:45:49 AM,Waning Crescent,Off,159,95,64,191,100,61,7.7,,2
CW,2614,Ground,M 3/3,11/14/2009,10:45:51 AM,Waning Crescent,Off,159,95,64,191,100,61,7.7,,2
CW,2614,Ground,T,11/14/2009,10:46:00 AM,Waning Crescent,Off,159,95,64,191,100,61,7.7,,2
CW,2640,Ground,M 1/3,11/14/2009,8:45:44 AM,Waning Crescent,Off,159,95,64,191,100,42,7.7,,2
CW,2640,Ground,M 2/3,11/14/2009,8:45:46 AM,Waning Crescent,Off,159,95,64,191,100,42,7.7,,2
CW,2640,Ground,M 3/3,11/14/2009,8:45:47 AM,Waning Crescent,Off,159,95,64,191,100,42,7.7,,2
CW,2640,Ground,T,11/14/2009,8:46:00 AM,Waning Crescent,Off,159,95,64,191,100,42,7.7,,2
CW,2640,Ground,M 1/3,11/14/2009,8:46:11 AM,Waning Crescent,Off,159,95,64,191,100,42,7.7,,2
CW,2640,Ground,M 2/3,11/14/2009,8:46:12 AM,Waning Crescent,Off,159,95,64,191,100,42,7.7,,2
CW,2640,Ground,M 3/3,11/14/2009,8:46:14 AM,Waning Crescent,Off,159,95,64,191,100,42,7.7,,2
CW,2640,Ground,M 1/3,11/14/2009,8:46:29 AM,Waning Crescent,Off,159,95,64,191,100,42,7.7,,2
CW,2640,Ground,M 2/3,11/14/2009,8:46:31 AM,Waning Crescent,Off,159,95,64,191,100,42,7.7,,2
CW,2640,Ground,M 3/3,11/14/2009,8:46:33 AM,Waning Crescent,Off,159,95,64,191,100,42,7.7,,2
CW,2640,Ground,M 1/3,11/14/2009,8:46:49 AM,Waning Crescent,Off,159,95,64,191,100,42,7.7,,2
CW,2640,Ground,M 2/3,11/14/2009,8:46:51 AM,Waning Crescent,Off,159,95,64,191,100,42,7.7,,2
CW,2640,Ground,M 3/3,11/14/2009,8:46:52 AM,Waning Crescent,Off,159,95,64,191,100,42,7.7,,2
CW,2640,Ground,M 1/3,11/14/2009,8:47:08 AM,Waning Crescent,Off,159,95,64,191,100,42,7.7,,2
CW,2640,Ground,M 2/3,11/14/2009,8:47:09 AM,Waning Crescent,Off,159,95,64,191,100,42,7.7,,2
CW,2640,Ground,M 3/3,11/14/2009,8:47:11 AM,Waning Crescent,Off,159,95,64,191,100,42,7.7,,2
CW,2640,Ground,M 1/3,11/14/2009,8:47:39 AM,Waning Crescent,Off,159,95,64,191,100,42,7.7,,2
CW,2640,Ground,M 2/3,11/14/2009,8:47:41 AM,Waning Crescent,Off,159,95,64,191,100,42,7.7,,2
CW,2640,Ground,M 3/3,11/14/2009,8:47:43 AM,Waning Crescent,Off,159,95,64,191,100,42,7.7,,2
CW,2628,Ground,M 1/3,11/15/2009,4:30:09 AM,Waning Crescent,On,128,128,32,0,100,50,7.4,,2
CW,2628,Ground,M 2/3,11/15/2009,4:30:10 AM,Waning Crescent,On,128,128,32,0,100,50,7.6,,2
CW,2628,Ground,M 3/3,11/15/2009,4:30:12 AM,Waning Crescent,On,128,128,32,0,100,50,7.6,,2
CW,2628,Ground,M 1/3,11/15/2009,4:30:58 AM,Waning Crescent,On,128,128,32,0,100,50,7.4,,2
CW,2628,Ground,M 2/3,11/15/2009,4:31:01 AM,Waning Crescent,On,128,128,32,0,100,50,7.6,,2
CW,2628,Ground,M 3/3,11/15/2009,4:31:02 AM,Waning Crescent,On,128,128,32,0,100,50,7.6,,2
CW,2640,Ground,M 1/3,11/15/2009,8:20:29 AM,Waning Crescent,Off,159,95,64,191,100,39,7.6,,2
CW,2640,Ground,M 2/3,11/15/2009,8:20:31 AM,Waning Crescent,Off,159,95,64,191,100,39,7.6,,2
CW,2640,Ground,M 3/3,11/15/2009,8:20:33 AM,Waning Crescent,Off,159,95,64,191,100,39,7.6,,2
CW,2640,Ground,M 1/3,11/15/2009,8:20:54 AM,Waning Crescent,Off,159,95,64,191,100,39,7.5,,2
CW,2640,Ground,M 2/3,11/15/2009,8:20:55 AM,Waning Crescent,Off,159,95,64,191,100,39,7.6,,2
CW,2640,Ground,M 3/3,11/15/2009,8:20:57 AM,Waning Crescent,Off,159,95,64,191,100,39,7.6,,2
CW,2640,Ground,M 1/3,11/15/2009,8:21:15 AM,Waning Crescent,Off,159,95,64,191,100,39,7.6,,2
CW,2640,Ground,M 2/3,11/15/2009,8:21:16 AM,Waning Crescent,Off,159,95,64,191,100,39,7.6,,2
CW,2640,Ground,M 1/3,11/15/2009,8:21:47 AM,Waning Crescent,Off,159,95,64,191,100,39,7.5,,2
CW,2640,Ground,M 2/3,11/15/2009,8:21:49 AM,Waning Crescent,Off,159,95,64,191,100,39,7.6,,2
CW,2640,Ground,M 3/3,11/15/2009,8:21:51 AM,Waning Crescent,Off,159,95,64,191,100,39,7.6,,2
CW,2640,Ground,T,11/15/2009,8:22:00 AM,Waning Crescent,Off,159,95,64,191,100,39,7.5,,2
WC,3320,Ground,M 1/3,11/17/2009,5:58:12 PM,New Moon,On,128,128,32,0,100,52,8,,2
WC,3320,Ground,M 2/3,11/17/2009,5:58:14 PM,New Moon,On,128,128,32,0,100,52,8.1,,2
WC,3320,Ground,M 3/3,11/17/2009,5:58:15 PM,New Moon,On,128,128,32,0,100,52,8.1,,2
WC,3320,Ground,M 1/3,11/17/2009,5:58:33 PM,New Moon,On,128,128,32,0,100,52,8,,2
WC,3320,Ground,M 2/3,11/17/2009,5:58:35 PM,New Moon,On,128,128,32,0,100,52,8.1,,2
WC,3320,Ground,M 3/3,11/17/2009,5:58:36 PM,New Moon,On,128,128,32,0,100,52,8.1,,2
WC,3320,Ground,M 1/3,11/17/2009,5:58:51 PM,New Moon,On,128,128,32,0,100,52,7.9,,2
WC,3320,Ground,M 2/3,11/17/2009,5:58:53 PM,New Moon,On,128,128,32,0,100,52,8.1,,2
WC,3320,Ground,M 3/3,11/17/2009,5:58:54 PM,New Moon,On,128,128,32,0,100,52,8.1,,2
WC,3320,Ground,M 1/3,11/17/2009,5:59:09 PM,New Moon,On,128,128,32,0,100,52,7.9,,2
WC,3320,Ground,M 2/3,11/17/2009,5:59:11 PM,New Moon,On,128,128,32,0,100,52,8.1,,2
WC,3320,Ground,M 3/3,11/17/2009,5:59:12 PM,New Moon,On,128,128,32,0,100,52,8.1,,2
WC,3320,Ground,M 1/3,11/17/2009,5:59:27 PM,New Moon,On,128,128,32,0,100,52,7.9,,2
WC,3320,Ground,M 2/3,11/17/2009,5:59:29 PM,New Moon,On,128,128,32,0,100,52,8.1,,2
WC,3320,Ground,M 3/3,11/17/2009,5:59:31 PM,New Moon,On,128,128,32,0,100,52,8.1,,2
WC,3320,Ground,M 1/3,11/17/2009,5:59:54 PM,New Moon,On,128,128,32,0,100,52,7.9,,2
WC,3320,Ground,M 2/3,11/17/2009,5:59:56 PM,New Moon,On,128,128,32,0,100,52,8.1,,2
WC,3320,Ground,M 3/3,11/17/2009,5:59:57 PM,New Moon,On,128,128,32,0,100,52,8.1,,2
WC,3320,Ground,T,11/17/2009,6:00:00 PM,New Moon,On,128,128,32,0,100,52,7.9,,2
WC,3320,Ground,M 1/3,11/17/2009,6:00:14 PM,New Moon,On,128,128,32,0,100,52,7.9,,2
WC,3320,Ground,M 2/3,11/17/2009,6:00:15 PM,New Moon,On,128,128,32,0,100,52,8.1,,2
WC,3320,Ground,M 3/3,11/17/2009,6:00:17 PM,New Moon,On,128,128,32,0,100,52,8.1,,2
WC,3320,Ground,M 1/3,11/18/2009,10:43:53 AM,New Moon,Off,159,95,64,191,100,52,7.9,,2
WC,3320,Ground,M 2/3,11/18/2009,10:43:56 AM,New Moon,Off,159,95,64,191,100,52,7.9,,2
WC,3320,Ground,M 3/3,11/18/2009,10:43:59 AM,New Moon,Off,159,95,64,191,100,52,7.9,,2
WC,3320,Ground,T,11/18/2009,10:44:01 AM,New Moon,Off,159,95,64,191,100,52,7.9,,2
WC,3320,Ground,M 1/3,11/18/2009,10:44:21 AM,New Moon,Off,159,95,64,191,100,52,7.9,,2
WC,3320,Ground,M 2/3,11/18/2009,10:44:25 AM,New Moon,Off,159,95,64,191,100,52,7.9,,2
WC,3320,Ground,M 1/3,11/18/2009,1:47:23 PM,New Moon,Off,159,95,64,191,100,71,7.9,,2
WC,3320,Ground,M 2/3,11/18/2009,1:47:26 PM,New Moon,Off,159,95,64,191,100,71,8,,2
WC,3320,Ground,M 3/3,11/18/2009,1:47:28 PM,New Moon,Off,159,95,64,191,100,71,7.9,,2
WC,3320,Ground,T,11/18/2009,1:48:00 PM,New Moon,Off,159,95,64,191,100,71,7.9,,2
WC,3320,Ground,M 1/3,11/18/2009,1:48:19 PM,New Moon,Off,159,95,64,191,100,71,7.9,,2
WC,3320,Ground,M 2/3,11/18/2009,1:48:22 PM,New Moon,Off,159,95,64,191,100,71,7.9,,2
WC,3320,Ground,M 3/3,11/18/2009,1:48:25 PM,New Moon,Off,159,95,64,191,100,71,7.9,,2
WC,3320,Ground,M 1/3,11/18/2009,1:48:43 PM,New Moon,Off,159,95,64,191,100,71,7.9,,2
WC,3320,Ground,M 2/3,11/18/2009,1:48:46 PM,New Moon,Off,159,95,64,191,100,71,7.9,,2
WC,3320,Ground,M 3/3,11/18/2009,1:48:49 PM,New Moon,Off,159,95,64,191,100,71,7.9,,2
WC,3320,Ground,M 1/3,11/18/2009,1:49:06 PM,New Moon,Off,159,95,64,191,100,71,7.9,,2
WC,3320,Ground,M 2/3,11/18/2009,1:49:09 PM,New Moon,Off,159,95,64,191,100,71,7.9,,2
WC,3320,Ground,M 3/3,11/18/2009,1:49:12 PM,New Moon,Off,159,95,64,191,100,71,7.9,,2
WC,3320,Ground,M 1/3,11/18/2009,1:49:58 PM,New Moon,Off,159,95,64,191,100,71,7.9,,2
WC,3320,Ground,M 2/3,11/18/2009,1:50:01 PM,New Moon,Off,159,95,64,191,100,71,7.9,,2
WC,3320,Ground,T,11/18/2009,1:50:01 PM,New Moon,Off,159,95,64,191,100,71,7.9,,2
WC,3320,Ground,M 3/3,11/18/2009,1:50:06 PM,New Moon,Off,159,95,64,191,100,71,7.9,,2
WC,3320,Ground,M 1/3,11/18/2009,1:50:38 PM,New Moon,Off,159,95,64,191,100,71,7.9,,2
WC,3320,Ground,M 2/3,11/18/2009,1:50:41 PM,New Moon,Off,159,95,64,191,100,71,7.9,,2
WC,3320,Ground,M 3/3,11/18/2009,1:50:44 PM,New Moon,Off,159,95,64,191,100,71,7.9,,2
WC,3320,Ground,M 1/3,11/18/2009,1:50:59 PM,New Moon,Off,159,95,64,191,100,71,7.9,,2
WC,3320,Ground,M 2/3,11/18/2009,1:51:02 PM,New Moon,Off,159,95,64,191,100,71,7.9,,2
WC,3320,Ground,M 3/3,11/18/2009,1:51:05 PM,New Moon,Off,159,95,64,191,100,71,7.9,,2
WC,3320,Ground,M 1/3,11/18/2009,1:51:32 PM,New Moon,Off,159,95,64,191,100,71,7.9,,2
WC,3320,Ground,M 2/3,11/18/2009,1:51:35 PM,New Moon,Off,159,95,64,191,100,71,7.9,,2
WC,3320,Ground,M 3/3,11/18/2009,1:51:38 PM,New Moon,Off,159,95,64,191,100,71,7.9,,2
WC,3320,Ground,M 1/3,11/18/2009,1:51:54 PM,New Moon,Off,159,95,64,191,100,71,7.9,,2
WC,3320,Ground,M 2/3,11/18/2009,1:51:57 PM,New Moon,Off,159,95,64,191,100,71,7.9,,2
WC,3320,Ground,M 3/3,11/18/2009,1:52:00 PM,New Moon,Off,159,95,64,191,100,71,7.9,,2
WC,3320,Ground,T,11/18/2009,1:52:00 PM,New Moon,Off,159,95,64,191,100,71,7.9,,2
WC,3320,Ground,M 1/3,11/18/2009,1:52:17 PM,New Moon,Off,159,95,64,191,100,71,7.9,,2
WC,3320,Ground,M 2/3,11/18/2009,1:52:19 PM,New Moon,Off,159,95,64,191,100,71,7.9,,2
WC,3320,Ground,M 3/3,11/18/2009,1:52:22 PM,New Moon,Off,159,95,64,191,100,71,7.9,,2
WC,3320,Ground,M 1/3,11/18/2009,1:53:33 PM,New Moon,Off,159,95,64,191,100,70,7.9,,2
WC,3320,Ground,M 2/3,11/18/2009,1:53:35 PM,New Moon,Off,159,95,64,191,100,70,7.9,,2
WC,3320,Ground,M 3/3,11/18/2009,1:53:38 PM,New Moon,Off,159,95,64,191,100,70,7.9,,2
WC,3320,Ground,M 1/3,11/18/2009,1:53:56 PM,New Moon,Off,159,95,64,191,100,70,7.9,,2
WC,3320,Ground,M 2/3,11/18/2009,1:53:59 PM,New Moon,Off,159,95,64,191,100,70,7.9,,2
WC,3320,Ground,M 3/3,11/18/2009,1:54:02 PM,New Moon,Off,159,95,64,191,100,70,7.9,,2
WC,3320,Ground,T,11/18/2009,1:54:02 PM,New Moon,Off,159,95,64,191,100,70,7.9,,2
WC,3320,Ground,M 1/3,11/18/2009,1:54:21 PM,New Moon,Off,159,95,64,191,100,70,7.9,,2
WC,3320,Ground,M 2/3,11/18/2009,1:54:24 PM,New Moon,Off,159,95,64,191,100,70,7.9,,2
WC,3320,Ground,M 3/3,11/18/2009,1:54:26 PM,New Moon,Off,159,95,64,191,100,70,7.9,,2
WC,3320,Ground,M 1/3,11/18/2009,1:54:41 PM,New Moon,Off,159,95,64,191,100,70,7.9,,2
WC,3320,Ground,M 2/3,11/18/2009,1:54:44 PM,New Moon,Off,159,95,64,191,100,70,7.9,,2
WC,3320,Ground,M 3/3,11/18/2009,1:54:47 PM,New Moon,Off,159,95,64,191,100,70,7.9,,2
WC,3320,Ground,M 1/3,11/18/2009,1:55:15 PM,New Moon,Off,159,95,64,191,100,70,7.9,,2
WC,3320,Ground,M 2/3,11/18/2009,1:55:18 PM,New Moon,Off,159,95,64,191,100,70,7.9,,2
WC,3320,Ground,M 3/3,11/18/2009,1:55:20 PM,New Moon,Off,159,95,64,191,100,70,7.9,,2
WC,3320,Ground,M 1/3,11/18/2009,2:11:10 PM,New Moon,Off,159,95,64,191,100,65,7.9,,2
WC,3320,Ground,M 2/3,11/18/2009,2:11:13 PM,New Moon,Off,159,95,64,191,100,65,7.9,,2
WC,3320,Ground,M 3/3,11/18/2009,2:11:16 PM,New Moon,Off,159,95,64,191,100,65,7.9,,2
WC,3320,Ground,M 1/3,11/18/2009,2:11:35 PM,New Moon,Off,159,95,64,191,100,65,7.9,,2
WC,3320,Ground,M 2/3,11/18/2009,2:11:38 PM,New Moon,Off,159,95,64,191,100,65,7.9,,2
WC,3320,Ground,M 3/3,11/18/2009,2:11:40 PM,New Moon,Off,159,95,64,191,100,65,7.9,,2
WC,3320,Ground,M 1/3,11/18/2009,2:11:57 PM,New Moon,Off,159,95,64,191,100,65,7.9,,2
WC,3320,Ground,M 2/3,11/18/2009,2:12:00 PM,New Moon,Off,159,95,64,191,100,65,7.9,,2
WC,3320,Ground,M 1/3,11/18/2009,3:16:56 PM,New Moon,Off,159,95,64,191,100,57,7.9,,2
WC,3320,Ground,M 2/3,11/18/2009,3:16:59 PM,New Moon,Off,159,95,64,191,100,57,7.9,,2
WC,3320,Ground,M 3/3,11/18/2009,3:17:02 PM,New Moon,Off,159,95,64,191,100,57,7.9,,2
WC,3320,Ground,M 1/3,11/18/2009,6:16:34 PM,New Moon,On,128,128,32,0,100,46,7.7,,2
WC,3320,Ground,M 2/3,11/18/2009,6:16:35 PM,New Moon,On,128,128,32,0,100,46,7.9,,2
WC,3320,Ground,M 3/3,11/18/2009,6:16:38 PM,New Moon,On,128,128,32,0,100,46,7.8,,2
WC,3320,Ground,M 1/3,11/18/2009,6:17:03 PM,New Moon,On,128,128,32,0,100,46,7.7,,2
WC,3320,Ground,M 2/3,11/18/2009,6:17:05 PM,New Moon,On,128,128,32,0,100,46,7.8,,2
WC,3320,Ground,M 3/3,11/18/2009,6:17:06 PM,New Moon,On,128,128,32,0,100,46,7.8,,2
WC,3320,Ground,M 1/3,11/18/2009,6:17:48 PM,New Moon,On,128,128,32,0,100,46,7.7,,2
WC,3320,Ground,M 2/3,11/18/2009,6:17:50 PM,New Moon,On,128,128,32,0,100,46,7.8,,2
WC,3320,Ground,M 3/3,11/18/2009,6:17:51 PM,New Moon,On,128,128,32,0,100,46,7.8,,2
WC,3320,Ground,T,11/18/2009,6:18:00 PM,New Moon,On,128,128,32,0,100,46,7.6,,2
WC,3320,Ground,M 1/3,11/18/2009,6:18:13 PM,New Moon,On,128,128,32,0,100,46,7.6,,2
WC,3320,Ground,M 2/3,11/18/2009,6:18:15 PM,New Moon,On,128,128,32,0,100,46,7.8,,2
WC,3320,Ground,M 3/3,11/18/2009,6:18:16 PM,New Moon,On,128,128,32,0,100,46,7.8,,2
WC,3320,Ground,M 1/3,11/18/2009,6:18:32 PM,New Moon,On,128,128,32,0,100,46,7.6,,2
WC,3320,Ground,M 2/3,11/18/2009,6:18:34 PM,New Moon,On,128,128,32,0,100,46,7.8,,2
WC,3320,Ground,M 3/3,11/18/2009,6:18:35 PM,New Moon,On,128,128,32,0,100,46,7.8,,2
WC,3320,Ground,M 1/3,11/19/2009,8:13:03 AM,Waxing Crescent,Off,159,95,64,191,100,40,7.7,,2
WC,3320,Ground,M 2/3,11/19/2009,8:13:06 AM,Waxing Crescent,Off,159,95,64,191,100,40,7.7,,2
WC,3320,Ground,M 3/3,11/19/2009,8:13:09 AM,Waxing Crescent,Off,159,95,64,191,100,40,7.7,,2
WC,3320,Ground,M 1/3,11/19/2009,8:13:39 AM,Waxing Crescent,Off,159,95,64,191,100,40,7.7,,2
WC,3320,Ground,M 2/3,11/19/2009,8:13:41 AM,Waxing Crescent,Off,159,95,64,191,100,40,7.7,,2
WC,3320,Ground,M 3/3,11/19/2009,8:13:44 AM,Waxing Crescent,Off,159,95,64,191,100,40,7.7,,2
WC,3320,Ground,T,11/19/2009,8:14:00 AM,Waxing Crescent,Off,159,95,64,191,100,40,7.7,,2
WC,3320,Ground,M 1/3,11/19/2009,11:56:21 AM,Waxing Crescent,Off,159,95,64,191,100,63,7.8,,2
WC,3320,Ground,M 2/3,11/19/2009,11:56:24 AM,Waxing Crescent,Off,159,95,64,191,100,63,7.8,,2
WC,3320,Ground,M 3/3,11/19/2009,11:56:27 AM,Waxing Crescent,Off,159,95,64,191,100,63,7.8,,2
WC,3320,Ground,M 1/3,11/19/2009,11:57:18 AM,Waxing Crescent,Off,159,95,64,191,100,63,7.8,,2
WC,3320,Ground,M 2/3,11/19/2009,11:57:21 AM,Waxing Crescent,Off,159,95,64,191,100,63,7.8,,2
WC,3320,Ground,M 3/3,11/19/2009,11:57:24 AM,Waxing Crescent,Off,159,95,64,191,100,63,7.8,,2
WC,3320,Ground,M 1/3,11/19/2009,11:57:54 AM,Waxing Crescent,Off,159,95,64,191,100,63,7.8,,2
WC,3320,Ground,M 2/3,11/19/2009,11:57:57 AM,Waxing Crescent,Off,159,95,64,191,100,63,7.8,,2
WC,3320,Ground,M 3/3,11/19/2009,11:58:00 AM,Waxing Crescent,Off,159,95,64,191,100,63,7.8,,2
WC,3320,Ground,T,11/19/2009,11:58:00 AM,Waxing Crescent,Off,159,95,64,191,100,63,7.8,,2
WC,3320,Ground,M 1/3,11/19/2009,4:15:33 PM,Waxing Crescent,On,159,95,32,0,100,57,7.6,,2
WC,3320,Ground,M 2/3,11/19/2009,4:15:34 PM,Waxing Crescent,On,159,95,32,0,100,57,7.8,,2
WC,3320,Ground,M 3/3,11/19/2009,4:15:36 PM,Waxing Crescent,On,159,95,32,0,100,57,7.8,,2
WC,3320,Ground,M 1/3,11/19/2009,4:16:05 PM,Waxing Crescent,On,159,95,32,0,100,57,7.6,,2
WC,3320,Ground,M 2/3,11/19/2009,4:16:06 PM,Waxing Crescent,On,159,95,32,0,100,57,7.8,,2
WC,3320,Ground,M 3/3,11/19/2009,4:16:08 PM,Waxing Crescent,On,159,95,32,0,100,57,7.8,,2
WC,3320,Ground,M 1/3,11/20/2009,8:47:46 AM,Waxing Crescent,Off,159,95,64,191,100,46,7.6,,2
WC,3320,Ground,M 2/3,11/20/2009,8:47:49 AM,Waxing Crescent,Off,159,95,64,191,100,46,7.6,,2
WC,3320,Ground,M 3/3,11/20/2009,8:47:51 AM,Waxing Crescent,Off,159,95,64,191,100,46,7.6,,2
WC,3320,Ground,M 1/3,11/20/2009,8:48:28 AM,Waxing Crescent,Off,159,95,64,191,100,46,7.6,,2
WC,3320,Ground,M 2/3,11/20/2009,8:48:31 AM,Waxing Crescent,Off,159,95,64,191,100,46,7.6,,2
WC,3320,Ground,M 3/3,11/20/2009,8:48:34 AM,Waxing Crescent,Off,159,95,64,191,100,46,7.6,,2
WC,3320,Ground,M 1/3,11/20/2009,8:49:46 AM,Waxing Crescent,Off,159,95,64,191,100,46,7.6,,2
WC,3320,Ground,M 2/3,11/20/2009,8:49:49 AM,Waxing Crescent,Off,159,95,64,191,100,46,7.6,,2
WC,3320,Ground,M 3/3,11/20/2009,8:49:51 AM,Waxing Crescent,Off,159,95,64,191,100,46,7.6,,2
WC,3320,Ground,M 1/3,11/20/2009,8:50:14 AM,Waxing Crescent,Off,159,95,64,191,100,46,7.6,,2
WC,3320,Ground,M 2/3,11/20/2009,8:50:16 AM,Waxing Crescent,Off,159,95,64,191,100,46,7.6,,2
WC,3320,Ground,M 3/3,11/20/2009,8:50:18 AM,Waxing Crescent,Off,159,95,64,191,100,46,7.6,,2
MS,734,Ground,M 1/3,11/15/2010,10:54:57 PM,First Quarter,On,128,128,32,0,100,49,7.7,,3
MS,734,Ground,M 2/3,11/15/2010,10:54:58 PM,First Quarter,On,128,128,32,0,100,49,7.8,,3
MS,734,Ground,M 3/3,11/15/2010,10:55:00 PM,First Quarter,On,128,128,32,0,100,49,7.7,,3
MS,734,Ground,M 1/3,11/15/2010,10:55:16 PM,First Quarter,On,128,128,32,0,100,49,7.7,,3
MS,734,Ground,M 2/3,11/15/2010,10:55:18 PM,First Quarter,On,128,128,32,0,100,49,7.8,,3
MS,734,Ground,M 3/3,11/15/2010,10:55:19 PM,First Quarter,On,128,128,32,0,100,49,7.7,,3
MS,734,Ground,M 1/3,11/15/2010,10:55:34 PM,First Quarter,On,128,128,32,0,100,49,7.6,,3
MS,734,Ground,M 2/3,11/15/2010,10:55:36 PM,First Quarter,On,128,128,32,0,100,49,7.7,,3
MS,734,Ground,M 3/3,11/15/2010,10:55:37 PM,First Quarter,On,128,128,32,0,100,49,7.7,,3
MS,734,Ground,M 1/3,11/15/2010,10:55:54 PM,First Quarter,On,128,128,32,0,100,49,7.6,,3
MS,734,Ground,M 2/3,11/15/2010,10:55:56 PM,First Quarter,On,128,128,32,0,100,49,7.7,,3
MS,734,Ground,M 3/3,11/15/2010,10:55:57 PM,First Quarter,On,128,128,32,0,100,49,7.7,,3
MS,734,Ground,T,11/15/2010,10:56:00 PM,First Quarter,On,128,128,32,0,100,49,7.6,,3
GU,2485,Ground,M 1/3,12/1/2010,2:49:56 PM,Waning Crescent,Off,159,95,64,191,100,56,7.8,,3
GU,2485,Ground,M 2/3,12/1/2010,2:50:00 PM,Waning Crescent,Off,159,95,64,191,100,56,7.8,,3
GU,2485,Ground,T,12/1/2010,2:50:00 PM,Waning Crescent,Off,159,95,64,191,100,56,7.8,,3
GU,2485,Ground,M 3/3,12/1/2010,2:50:07 PM,Waning Crescent,Off,159,95,64,191,100,56,7.8,,3
GU,2485,Ground,M 1/3,12/1/2010,3:03:56 PM,Waning Crescent,Off,159,95,64,191,100,53,7.8,,3
GU,2485,Ground,M 2/3,12/1/2010,3:03:59 PM,Waning Crescent,Off,159,95,64,191,100,53,7.8,,3
GU,2485,Ground,M 3/3,12/1/2010,3:04:03 PM,Waning Crescent,Off,159,95,64,191,100,53,7.8,,3
GU,2485,Ground,T,12/1/2010,3:04:03 PM,Waning Crescent,Off,159,95,64,191,100,53,7.8,,3
GU,2485,Ground,M 1/3,12/1/2010,3:04:19 PM,Waning Crescent,Off,159,95,64,191,100,53,7.8,,3
GU,2485,Ground,M 2/3,12/1/2010,3:04:23 PM,Waning Crescent,Off,159,95,64,191,100,53,7.8,,3
GU,2485,Ground,M 3/3,12/1/2010,3:04:25 PM,Waning Crescent,Off,159,95,64,191,100,53,7.8,,3
GU,2485,Ground,M 1/3,12/1/2010,3:04:42 PM,Waning Crescent,Off,159,95,64,191,100,53,7.8,,3
GU,2485,Ground,M 2/3,12/1/2010,3:04:45 PM,Waning Crescent,Off,159,95,64,191,100,53,7.8,,3
GU,2485,Ground,M 3/3,12/1/2010,3:04:49 PM,Waning Crescent,Off,159,95,64,191,100,53,7.8,,3
GU,2485,Ground,M 1/3,12/1/2010,3:05:05 PM,Waning Crescent,Off,159,95,64,191,100,53,7.8,,3
GU,2485,Ground,M 2/3,12/1/2010,3:05:09 PM,Waning Crescent,Off,159,95,64,191,100,53,7.8,,3
GU,2485,Ground,M 3/3,12/1/2010,3:05:12 PM,Waning Crescent,Off,159,95,64,191,100,53,7.8,,3
GU,2485,Ground,M 1/3,12/1/2010,3:05:28 PM,Waning Crescent,Off,159,95,64,191,100,53,7.8,,3
GU,2485,Ground,M 2/3,12/1/2010,3:05:32 PM,Waning Crescent,Off,159,95,64,191,100,53,7.8,,3
GU,2485,Ground,M 3/3,12/1/2010,3:05:35 PM,Waning Crescent,Off,159,95,64,191,100,53,7.8,,3
GU,2485,Ground,M 1/3,12/1/2010,3:05:58 PM,Waning Crescent,Off,159,95,64,191,100,53,7.8,,3
GU,2485,Ground,M 2/3,12/1/2010,3:06:01 PM,Waning Crescent,Off,159,95,64,191,100,53,7.8,,3
GU,2485,Ground,T,12/1/2010,3:06:01 PM,Waning Crescent,Off,159,95,64,191,100,53,7.8,,3
GU,2485,Ground,M 3/3,12/1/2010,3:06:08 PM,Waning Crescent,Off,159,95,64,191,100,53,7.8,,3
GU,2485,Ground,M 1/3,12/1/2010,3:06:24 PM,Waning Crescent,Off,159,95,64,191,100,53,7.8,,3
GU,2485,Ground,M 2/3,12/1/2010,3:06:27 PM,Waning Crescent,Off,159,95,64,191,100,53,7.8,,3
GU,2485,Ground,M 3/3,12/1/2010,3:06:29 PM,Waning Crescent,Off,159,95,64,191,100,53,7.8,,3
GU,2485,Ground,M 1/3,12/1/2010,3:06:46 PM,Waning Crescent,Off,159,95,64,191,100,53,7.8,,3
GU,2485,Ground,M 2/3,12/1/2010,3:06:49 PM,Waning Crescent,Off,159,95,64,191,100,53,7.8,,3
GU,2485,Ground,M 3/3,12/1/2010,3:06:52 PM,Waning Crescent,Off,159,95,64,191,100,53,7.8,,3
GU,2485,Ground,M 1/3,12/1/2010,3:07:07 PM,Waning Crescent,Off,159,95,64,191,100,53,7.8,,3
GU,2486,Ground,M 1/3,12/1/2010,3:12:13 PM,Waning Crescent,Off,159,95,64,191,100,43,7.8,,3
GU,2486,Ground,M 2/3,12/1/2010,3:12:16 PM,Waning Crescent,Off,159,95,64,191,100,43,7.8,,3
GU,2486,Ground,M 3/3,12/1/2010,3:12:18 PM,Waning Crescent,Off,159,95,64,191,100,43,7.8,,3
GU,2486,Ground,M 1/3,12/1/2010,3:12:34 PM,Waning Crescent,Off,159,95,64,191,100,43,7.8,,3
GU,2486,Ground,M 2/3,12/1/2010,3:12:37 PM,Waning Crescent,Off,159,95,64,191,100,43,7.8,,3
GU,2486,Ground,M 3/3,12/1/2010,3:12:39 PM,Waning Crescent,Off,159,95,64,191,100,43,7.8,,3
GU,2486,Ground,M 1/3,12/1/2010,3:12:56 PM,Waning Crescent,Off,159,95,64,191,100,43,7.8,,3
GU,2486,Ground,M 2/3,12/1/2010,3:12:59 PM,Waning Crescent,Off,159,95,64,191,100,43,7.8,,3
GU,2486,Ground,M 3/3,12/1/2010,3:13:01 PM,Waning Crescent,Off,159,95,64,191,100,43,7.8,,3
GU,2376,Ground,M 1/3,12/3/2010,10:03:11 PM,Waning Crescent,On,128,128,32,0,100,42,7.4,,3
GU,2376,Ground,M 2/3,12/3/2010,10:03:12 PM,Waning Crescent,On,128,128,32,0,100,42,7.6,,3
GU,2376,Ground,M 3/3,12/3/2010,10:03:13 PM,Waning Crescent,On,128,128,32,0,100,42,7.6,,3
GU,2376,Ground,M 1/3,12/3/2010,10:03:32 PM,Waning Crescent,On,128,128,32,0,100,42,7.4,,3
GU,2376,Ground,M 2/3,12/4/2010,7:53:18 AM,New Moon,Off,159,95,64,191,100,44,7.6,,3
GU,2376,Ground,M 3/3,12/4/2010,7:53:20 AM,New Moon,Off,159,95,64,191,100,44,7.6,,3
GU,2376,Ground,M 1/3,12/4/2010,7:53:36 AM,New Moon,Off,159,95,64,191,100,44,7.6,,3
GU,2376,Ground,M 2/3,12/4/2010,7:53:38 AM,New Moon,Off,159,95,64,191,100,44,7.6,,3
GU,2376,Ground,M 3/3,12/4/2010,7:53:40 AM,New Moon,Off,159,95,64,191,100,44,7.6,,3
GU,2376,Ground,M 1/3,12/4/2010,7:54:09 AM,New Moon,Off,159,95,64,191,100,44,7.6,,3
GU,2376,Ground,M 2/3,12/4/2010,7:54:11 AM,New Moon,Off,159,95,64,191,100,44,7.6,,3
GU,2376,Ground,M 3/3,12/4/2010,7:54:14 AM,New Moon,Off,159,95,64,191,100,44,7.6,,3
GU,2376,Ground,M 1/3,12/4/2010,7:54:29 AM,New Moon,Off,159,95,64,191,100,44,7.6,,3
GU,2376,Ground,M 2/3,12/4/2010,7:54:32 AM,New Moon,Off,159,95,64,191,100,44,7.6,,3
GU,2376,Ground,M 3/3,12/4/2010,7:54:34 AM,New Moon,Off,159,95,64,191,100,44,7.6,,3
