PointID,WMA,Date,Time,Trap,Species,Sex,Wgt,HindFt,TailLgth,BodyLgth,TotalLgth,Comments,Column1
47,SS,11/15/2008,11:45:00 AM,GR,BMCOMO,M,32,22,78,85,163,,1
90,LC,10/27/2010,9:26:00 AM,GR,BMCOMO,M,34,22,74,92,166,,1
96,LC,11/14/2010,1:31:00 PM,GR,BMHCRA,F,144,27,97,142,239,,1
135,LC,11/3/2010,10:00:00 AM,GR,BMCOMO,F,31,22,76,91,167,,1
137,LC,11/4/2010,11:13:00 AM,GR,BMSSSH,,10,12,22,58,80,,1
154,LC,10/26/2010,10:15:00 AM,GR,BMWHMO,F,19,19,62,70,132,,1
154,LC,10/27/2010,11:39:00 AM,GR,BMWHMO,M,18,17,67,75,142,,1
154,LC,10/28/2010,11:10:00 AM,GR,BMWHMO,M,21,19,74,82,156,,1
154,LC,10/28/2010,11:15:00 AM,GR,BMWHMO,F,24,20,70,80,150,,
161,LC,11/4/2010,9:45:00 AM,GR,BMWHMO,M,16,20,68,64,132,,1
161,LC,11/4/2010,9:50:00 AM,GR,BMWHMO,M,24,20,74,76,150,,
165,LC,10/26/2010,9:39:00 AM,GR,BMMouse,M,13,21,54,55,109,Juvenile,1
165,LC,10/28/2010,10:00:00 AM,GR,BMEAMO,M,7,14,47,54,101,,1
171,LC,10/26/2010,10:15:00 AM,GR,BMWHMO,F,36,18,68,88,156,Pregnant,1
175,LC,10/27/2010,10:35:00 AM,GR,BMCOMO,F,31,23,85,86,171,,1
217,LC,10/27/2010,9:15:00 AM,GR,BMCOMO,M,37,22,46,86,132,,1
250,LC,11/3/2010,9:30:00 AM,GR,BMWHMO,F,26,19,65,85,150,,1
250,LC,11/3/2010,9:35:00 AM,GR,BMWHMO,M,21,19,66,73,139,,
250,LC,11/4/2010,10:15:00 AM,GR,BMWHMO,F,26,19,68,70,138,,1
250,LC,11/4/2010,10:17:00 AM,GR,BMWHMO,M,26,19,64,69,133,,
250,LC,11/5/2010,9:20:00 AM,GR,BMWHMO,F,26,18,65,72,132,,1
300,LC,11/8/2010,11:08:00 AM,GR,BMWHMO,F,23,21,66,84,150,,1
301,LC,10/25/2010,9:00:00 AM,GR,BMCOMO,M,,,,,,Released due to poor condition,1
301,LC,10/25/2010,9:01:00 AM,GR,BMCOMO,M,31,22,79,74,153,,
301,LC,10/26/2010,9:10:00 AM,GR,BMCOMO,F,32,24,89,101,190,,1
301,LC,10/26/2010,11:15:00 AM,GR,BMCOMO,F,22,17,71,75,146,,
301,LC,10/27/2010,11:18:00 AM,GR,BMCOMO,F,30,25,87,80,167,,1
302,LC,10/25/2010,9:25:00 AM,GR,BMCOMO,F,37,22,66,79,145,,1
325,LC,10/17/2010,8:43:00 AM,GR,BMWHMO,F,23,19,75,83,158,,1
325,LC,10/18/2010,9:45:00 AM,GR,BMWHMO,F,24,20,78,79,157,,1
341,LC,11/11/2010,9:25:00 AM,GR,BMCOMO,F,25,24,73,64,137,Dead,1
341,LC,11/11/2010,9:27:00 AM,GR,BMSFSQ,M,59,25,101,129,230,Caught in same trap,1
341,LC,11/12/2010,9:18:00 AM,GR,BMSFSQ,F,50,29,93,108,21,,1
357,LC,11/12/2010,11:15:00 AM,GR,BMWHMO,M,26,19,69,72,141,,1
369,LC,11/12/2010,10:51:00 AM,GR,BMGOMO,F,12,17,56,68,124,,1
376,LC,11/12/2010,12:12:00 PM,GR,BMCOMO,F,43,22,81,71,152,,1
382,LC,11/11/2010,9:33:00 AM,GR,BMCOMO,F,30,22,84,73,157,,1
382,LC,11/11/2010,9:36:00 AM,GR,BMMouse,M,16,21,68,59,127,Juvenile,1
382,LC,11/12/2010,10:33:00 AM,GR,BMWHMO,F,33,21,73,96,169,,1
422,LC,10/17/2010,9:15:00 AM,GR,BMCOMO,,38,22,74,80,154,,1
422,LC,10/19/2010,10:00:00 AM,GR,BMCOMO,F,37,22,82,75,157,,1
422,LC,10/19/2010,10:05:00 AM,GR,BMMouse,F,15,18,61,53,114,Juvenile,1
483,LC,11/5/2010,9:00:00 AM,GR,BMCOMO,F,27,19,82,81,163,,1
487,LC,11/11/2010,10:30:00 AM,GR,BMWHMO,M,24,19,70,74,144,,1
487,LC,11/12/2010,12:02:00 PM,GR,BMWHMO,M,20,21,72,81,153,,1
517,LC,11/3/2010,9:05:00 AM,GR,BMWHMO,F,25,19,66,72,138,,1
517,LC,11/3/2010,9:10:00 AM,GR,BMWHMO,M,20,19,73,70,143,,
518,LC,11/2/2010,9:30:00 AM,GR,BMGOMO,M,20,20,67,74,141,,1
518,LC,11/3/2010,9:58:00 AM,GR,BMWHMO,M,20,20,70,88,158,,1
518,LC,11/4/2010,12:45:00 AM,GR,BMWHMO,,,,,,,Released due to poor condition,1
521,LC,11/3/2010,10:54:00 AM,GR,BMWHMO,M,22,19,70,82,152,,1
521,LC,11/3/2010,10:57:00 AM,GR,BMWHMO,M,26,21,75,86,161,,
521,LC,11/4/2010,11:40:00 AM,GR,BMWHMO,M,23,21,76,84,160,,1
540,LC,11/3/2010,9:45:00 AM,GR,BMWHMO,M,17,17,58,61,119,,1
540,LC,11/4/2010,11:00:00 AM,GR,BMWHMO,M,18,17,57,65,122,,1
540,LC,11/4/2010,11:05:00 AM,GR,BMWHMO,F,21,19,72,63,135,,
540,LC,11/4/2010,11:10:00 AM,GR,BMWHMO,M,20,20,64,68,132,,
623,MS,11/16/2010,10:30:00 AM,GR,BMWHMO,F,24,18,70,71,141,,1
623,MS,11/16/2010,10:35:00 AM,GR,BMWHMO,F,22,19,59,66,125,,
623,MS,11/17/2010,8:21:00 AM,GR,BMWHMO,F,17,17,53,58,111,Juvenile,1
623,MS,11/18/2010,8:20:00 AM,GR,BMEACH,F,65,32,78,116,194,Dead,1
623,MS,11/18/2010,8:20:00 AM,GR,BMWHMO,F,19,18,58,65,123,Juvenile,1
629,LC,10/12/2010,11:28:00 AM,GR,BMGOMO,F,,,,,,Released,1
650,MS,11/17/2010,8:44:00 AM,GR,BMWHMO,M,23,19,67,61,128,,1
651,MS,11/16/2010,11:21:00 AM,GR,BMWHMO,F,23,19,71,85,156,,1
651,MS,11/16/2010,11:28:00 AM,GR,BMEACH,F,73,31,83,125,208,,1
651,MS,11/17/2010,8:17:00 AM,GR,BMWHMO,M,25,19,74,80,154,,1
651,MS,11/17/2010,8:25:00 AM,GR,BMWHMO,F,23,18,68,75,143,,
651,MS,11/17/2010,8:30:00 AM,GR,BMEACH,F,80,28,80,125,205,,1
668,MS,11/16/2010,10:06:00 AM,GR,BMCOMO,M,16,21,68,77,145,Juvenile,1
668,MS,11/17/2010,8:15:00 AM,GR,BMWHMO,F,19,18,71,70,141,Dead,1
668,MS,11/18/2010,9:00:00 AM,GR,BMWHMO,F,13,17,57,55,112,Juvenile,1
682,MS,11/15/2010,8:03:00 AM,GR,BMMouse,F,16,21,72,60,132,Juvenile,1
682,MS,11/16/2010,8:07:00 AM,GR,BMWHMO,F,32,20,76,95,171,Pregnant?,1
682,MS,11/17/2010,8:50:00 AM,GR,BMWHMO,F,,,,,,Nearly dead,1
682,MS,11/17/2010,8:53:00 AM,GR,BMWHMO,F,22,21,67,73,140,Juvenile,
682,MS,11/17/2010,8:57:00 AM,GR,BMWHMO,F,20,20,71,71,142,Juvenile,
683,MS,11/16/2010,8:27:00 AM,GR,BMWHMO,F,17,20,62,68,130,,1
683,MS,11/17/2010,9:20:00 AM,GR,BMWHMO,F,23,18,59,68,127,Juvenile,1
701,LC,10/12/2010,10:10:00 AM,TR,BMGOMO,F,12,17,60,62,122,Juvenile,1
716,MS,11/16/2010,8:10:00 AM,GR,BMMouse,M,19,17,64,68,132,Juvenile,1
716,MS,11/18/2010,8:14:00 AM,GR,BMEACH,M,130,34,97,144,241,Dead,1
720,MS,11/16/2010,9:37:00 AM,GR,BMCOMO,F,22,22,58,64,122,,1
720,MS,11/18/2010,11:14:00 AM,GR,BMCOMO,F,25,22,70,71,141,Botfly,1
734,MS,11/16/2010,9:20:00 AM,GR,BMEACH,F,75,33,105,121,226,,1
734,MS,11/17/2010,9:45:00 AM,GR,BMWHMO,M,27,20,86,76,162,,1
734,MS,11/18/2010,9:50:00 AM,GR,BMWHMO,F,20,19,78,73,151,Dead,1
737,MS,11/17/2010,11:00:00 AM,GR,BMWHMO,M,16,18,55,58,113,Juvenile,1
748,LC,11/16/2010,9:38:00 AM,GR,BMWHMO,F,18,18,55,66,121,,1
748,LC,11/17/2010,11:18:00 AM,GR,BMEACH,,111,29,63,150,213,,1
835,LC,10/20/2010,8:29:00 AM,GR,BMCOMO,F,26,23,76,79,155,Juvenile,1
891,LC,10/18/2010,9:53:00 AM,TR,BMGOMO,F,19,17,81,72,153,,1
909,LC,9/8/2010,10:20:00 AM,TR,BMWHMO,M,15,19,62,64,126,Juvenile,1
945,LC,9/25/2010,12:38:00 AM,GR,BMWHMO,F,28,21,65,81,146,,1
981,LC,9/25/2010,9:51:00 AM,GR,BMLESH,,7,,18,68,86,,1
991,LC,9/8/2010,9:30:00 AM,GR,BMCOMO,M,30,22,76,85,161,,1
991,LC,9/10/2010,9:40:00 AM,GR,BMCOMO,M,36,22,87,96,183,,1
1025,LC,9/23/2010,9:00:00 AM,GR,BMMouse,M,13,20,69,73,142,Juvenile,1
1025,LC,9/24/2010,9:10:00 AM,GR,BMMouse,F,13,21,68,62,130,Juvenile,1
1031,LC,9/26/2010,8:42:00 AM,GR,BMCOMO,F,42,21,81,86,167,,1
1031,LC,9/26/2010,8:48:00 AM,GR,BMCOMO,F,30,21,70,90,160,,
1122,LC,9/23/2010,10:00:00 AM,GR,BMSSSH,,7,11,20,66,86,,1
1122,LC,9/23/2010,10:28:00 AM,GR,BMSSSH,,7,10,17,60,77,Dead,
1149,LC,9/11/2010,10:44:00 AM,GR,BMGOMO,F,19,17,69,78,147,,1
1149,LC,9/12/2010,8:58:00 AM,GR,BMWOVO,F,21,14,17,82,99,,1
1149,LC,9/12/2010,9:08:00 AM,GR,BMGOMO,F,19,16,71,78,149,,1
1149,LC,9/12/2010,9:14:00 AM,TR,BMGOMO,M,19,17,73,83,156,,
1164,LC,9/25/2010,1:20:00 PM,GR,BMCOMO,M,30,24,96,81,,,1
1164,LC,9/25/2010,1:25:00 PM,GR,BMCOMO,M,26,22,74,80,,,
1164,LC,9/25/2010,1:31:00 PM,TR,BMCOMO,F,53,27,102,110,,,
1214,LC,9/7/2010,8:56:00 AM,GR,BMWHMO,F,13,16,67,66,133,Juvenile,1
1214,LC,9/9/2010,8:58:00 AM,GR,BMGOMO,F,13,16,74,61,135,,1
1214,LC,9/9/2010,9:08:00 AM,TR,BMGOMO,F,22,17,79,73,152,,
1215,LC,9/9/2010,9:59:00 AM,GR,BMSSSH,,6,10,21,52,73,Dead,1
1215,LC,9/9/2010,9:59:00 AM,GR,BMGOMO,M,22,17,85,78,163,,1
1215,LC,9/10/2010,8:48:00 AM,GR,BMSSSH,,7,11,20,56,76,Dead,1
1215,LC,9/10/2010,8:52:00 AM,TR,BMGOMO,M,18,16,77,80,157,,1
1226,LC,9/23/2010,9:35:00 AM,GR,BMWOVO,M,28,16,20,89,109,,1
1226,LC,9/25/2010,11:30:00 AM,GR,BMWOVO,M,31,15,22,92,112,,1
1357,LC,9/10/2010,10:51:00 AM,GR,BMWHMO,F,30,21,67,96,163,,1
1357,LC,9/10/2010,10:55:00 AM,GR,BMGOMO,M,19,19,83,92,175,,1
1357,LC,9/11/2010,10:24:00 AM,GR,BMGOMO,F,23,17,76,82,158,,1
1357,LC,9/11/2010,10:28:00 AM,GR,BMGOMO,M,18,18,72,84,156,,
1357,LC,9/11/2010,10:32:00 AM,GR,BMWHMO,F,26,20,69,80,149,,1
1357,LC,9/12/2010,9:08:00 AM,GR,BMGOMO,F,18,16,65,70,135,,1
1357,LC,9/12/2010,9:13:00 AM,GR,BMWHMO,F,24,21,70,79,149,,1
1357,LC,9/12/2010,9:17:00 AM,GR,BMGOMO,F,26,16,79,93,172,,
1380,LC,9/25/2010,9:15:00 AM,GR,BMWHMO,F,18,18,64,61,125,,1
1380,LC,9/25/2010,9:17:00 AM,GR,BMWHMO,M,24,19,60,68,128,,
1380,LC,9/26/2010,8:35:00 AM,GR,BMHCRA,F,23,22,64,75,139,Juvenile,1
1380,LC,9/26/2010,8:36:00 AM,GR,BMWHMO,M,20,18,64,76,140,,1
1380,LC,9/26/2010,8:38:00 AM,GR,BMHCRA,M,139,30,92,150,262,,
1380,LC,9/26/2010,8:40:00 AM,GR,BMHCRA,F,121,29,90,125,215,,
1380,LC,9/26/2010,8:45:00 AM,GR,BMWHMO,F,27,19,67,68,135,,
1380,LC,9/27/2010,10:00:00 AM,GR,BMWHMO,F,18,18,62,75,137,,1
1380,LC,9/27/2010,10:14:00 AM,GR,BMCOMO,M,21,22,56,70,136,,1
1380,LC,9/27/2010,10:16:00 AM,GR,BMHCRA,M,128,34,110,140,250,,1
1380,LC,9/27/2010,10:20:00 AM,GR,BMHCRA,F,78,26,90,128,218,,
1380,LC,9/27/2010,10:22:00 AM,GR,BMHCRA,F,77,35,90,113,203,,
1388,LC,9/7/2010,9:34:00 AM,TR,BMCOMO,M,30,23,69,94,163,,1
1388,LC,9/7/2010,9:44:00 AM,TR,BMCOMO,F,33,23,73,78,151,,
1388,LC,9/7/2010,9:48:00 AM,GR,BMCOMO,M,19,15,15,85,100,,
1388,LC,9/7/2010,9:52:00 AM,GR,BMWOVO,F,36,23,69,85,154,,1
1388,LC,9/7/2010,9:54:00 AM,GR,BMCOMO,M,31,21,63,85,148,,
1388,LC,9/7/2010,9:57:00 AM,GR,BMWHMO,F,22,22,71,84,155,,1
1388,LC,9/7/2010,10:01:00 AM,GR,BMCOMO,M,31,20,0,76,76,No tail,
1388,LC,9/7/2010,10:04:00 AM,GR,BMWHMO,F,26,16,77,86,161,,
1388,LC,9/8/2010,9:20:00 AM,GR,BMGOMO,M,32,22,69,84,153,,1
1388,LC,9/8/2010,9:23:00 AM,GR,BMCOMO,F,20,17,65,85,150,,1
1388,LC,9/8/2010,9:25:00 AM,TR,BMGOMO,M,28,20,70,85,155,,
1388,LC,9/8/2010,9:29:00 AM,TR,BMWHMO,F,24,16,78,83,161,,1
1388,LC,9/8/2010,9:34:00 AM,GR,BMGOMO,M,19,16,77,77,154,,
1388,LC,9/8/2010,9:36:00 AM,GR,BMCOMO,M,30,22,0,86,86,No tail,
1388,LC,9/8/2010,9:40:00 AM,GR,BMCOMO,F,24,22,73,84,157,,
1388,LC,9/8/2010,9:45:00 AM,GR,BMWOVO,,20,14,18,84,102,,1
1388,LC,9/8/2010,9:48:00 AM,TR,BMCOMO,F,31,23,72,84,156,,
1388,LC,9/8/2010,9:51:00 AM,GR,BMGOMO,M,22,18,65,67,132,,
1388,LC,9/8/2010,9:54:00 AM,GR,BMCOMO,F,32,23,69,72,141,,
1388,LC,9/8/2010,9:57:00 AM,GR,BMCOMO,M,36,23,61,87,148,,
1388,LC,9/8/2010,10:00:00 AM,GR,BMWHMO,M,30,21,59,81,140,,
1388,LC,9/9/2010,10:13:00 AM,GR,BMWHMO,M,30,20,72,82,154,,1
1388,LC,9/9/2010,10:17:00 AM,TR,BMCOMO,M,30,22,69,94,163,,1
1388,LC,9/9/2010,10:21:00 AM,TR,BMGOMO,F,23,16,73,78,151,,1
1388,LC,9/9/2010,10:24:00 AM,TR,BMEAWO,F,245,37,175,152,327,,1
1388,LC,9/9/2010,10:32:00 AM,TR,BMGOMO,M,21,16,70,69,139,,
1388,LC,9/9/2010,10:35:00 AM,GR,BMCOMO,F,29,22,74,74,148,,
1388,LC,9/9/2010,10:38:00 AM,GR,BMWHMO,M,30,20,68,81,149,,
1388,LC,9/9/2010,10:41:00 AM,GR,BMWHMO,M,29,20,54,64,118,,
1400,LC,9/25/2010,1:50:00 PM,TR,BMGOMO,F,25,17,75,78,153,,1
1407,LC,9/26/2010,10:07:00 AM,GR,BMWHMO,M,24,17,60,65,125,,1
1449,LC,9/26/2010,8:30:00 AM,GR,BMLESH,,6,10,19,45,64,"Dead, wet",1
1449,LC,9/27/2010,9:29:00 AM,GR,BMGOMO,F,22,17,74,62,136,,1
1449,LC,9/27/2010,9:33:00 AM,GR,BMGOMO,F,17,17,77,67,144,,
1449,LC,9/27/2010,9:36:00 AM,GR,BMWHMO,F,16,18,61,59,120,,1
1456,LC,9/10/2010,10:15:00 AM,GR,BMWHMO,F,25,21,69,85,154,,1
1456,LC,9/10/2010,10:30:00 AM,GR,BMWHMO,M,30,21,67,85,152,,
1456,LC,9/11/2010,9:14:00 AM,GR,BMGOMO,F,21,16,75,80,155,,1
1456,LC,9/11/2010,9:20:00 AM,GR,BMCOMO,M,30,22,67,89,156,,1
1456,LC,9/11/2010,9:22:00 AM,GR,BMCOMO,M,32,22,68,88,156,,
1465,LC,9/15/2010,9:45:00 AM,GR,BMMouse,F,11,19,47,59,116,Juvenile,1
1465,LC,9/17/2010,11:20:00 AM,GR,BMMouse,F,12,20,53,55,108,Juvenile,1
1469,LC,9/15/2010,8:42:00 AM,GR,BMWHMO,M,24,21,72,87,159,,1
1469,LC,9/16/2010,8:55:00 AM,GR,BMWHMO,M,24,21,67,75,142,,1
1469,LC,9/16/2010,9:00:00 AM,GR,BMWHMO,F,26,21,71,80,151,,
1469,LC,9/17/2010,9:13:00 AM,GR,BMWHMO,M,26,21,65,82,147,,1
1469,LC,9/17/2010,9:22:00 AM,GR,BMWHMO,M,30,21,65,101,166,,
1469,LC,9/17/2010,9:23:00 AM,GR,BMWHMO,F,28,21,68,74,142,,
1587,LC,9/8/2010,11:07:00 AM,GR,BMEAWO,M,163,39,205,171,376,,1
1587,LC,9/9/2010,12:13:00 AM,GR,BMEAWO,M,240,35,181,178,359,,1
1587,LC,9/10/2010,8:56:00 AM,GR,BMWHMO,F,28,19,61,75,136,,1
1589,LC,9/9/2010,12:42:00 PM,GR,BMWHMO,M,18,18,61,75,136,,1
1589,LC,9/10/2010,9:58:00 AM,GR,BMWHMO,M,17,16,52,77,129,,1
1589,LC,9/10/2010,10:00:00 AM,GR,BMWHMO,F,13,17,48,67,115,,
1589,LC,9/10/2010,10:03:00 AM,GR,BMEAWO,F,183,39,79,144,223,,1
1589,LC,9/11/2010,9:03:00 AM,TR,BMWHMO,M,18,17,58,81,139,,1
1637,LC,10/11/2010,8:45:00 AM,GR,BMCOMO,M,31,22,71,84,155,,1
1637,LC,10/11/2010,8:50:00 AM,GR,BMGOMO,F,15,17,70,61,131,,1
1637,LC,10/11/2010,8:53:00 AM,TR,BMGOMO,F,20,18,77,80,157,,
1637,LC,10/12/2010,8:33:00 AM,GR,BMCOMO,F,22,22,68,76,144,,1
1637,LC,10/12/2010,8:37:00 AM,TR,BMCOMO,F,32,22,72,78,150,,
1637,LC,10/13/2010,8:34:00 AM,GR,BMCOMO,M,29,22,77,79,156,,
1640,LC,9/15/2010,9:15:00 AM,GR,BMGOMO,F,16,18,74,61,135,,1
1640,LC,9/15/2010,9:18:00 AM,GR,BMGOMO,F,20,19,74,76,150,,
1640,LC,9/15/2010,9:20:00 AM,GR,BMCOMO,M,27,23,62,68,130,,1
1640,LC,9/16/2010,8:55:00 AM,GR,BMEACH,,,,,,,Escaped,1
1640,LC,9/16/2010,8:55:00 AM,GR,BMGOMO,F,14,17,73,63,136,,1
1640,LC,9/16/2010,9:00:00 AM,GR,BMGOMO,F,19,18,63,68,131,,
1640,LC,9/16/2010,9:01:00 AM,GR,BMCOMO,M,25,23,71,68,139,,1
1640,LC,9/16/2010,9:20:00 AM,GR,BMEAWO,M,318,39,198,171,369,,1
1640,LC,9/17/2010,9:25:00 AM,GR,BMEACH,F,90,30,76,110,186,,1
1640,LC,9/17/2010,9:27:00 AM,GR,BMCOMO,M,23,23,82,76,159,,1
1640,LC,9/17/2010,9:30:00 AM,GR,BMSSSH,,6,10,16,50,66,,1
1640,LC,9/17/2010,9:31:00 AM,GR,BMGOMO,F,16,16,69,63,132,,1
1640,LC,9/17/2010,9:33:00 AM,GR,BMGOMO,F,18,17,71,72,143,,
1640,LC,9/17/2010,9:35:00 AM,GR,BMCOMO,M,26,22,73,84,157,,
1640,LC,9/17/2010,9:37:00 AM,GR,BMGOMO,F,14,17,74,76,150,,
1640,LC,9/17/2010,9:40:00 AM,GR,BMGOMO,M,20,17,68,70,138,,
1672,LC,9/15/2010,10:15:00 AM,GR,BMWHMO,F,15,17,59,72,131,,1
1672,LC,9/15/2010,10:20:00 AM,GR,BMEAWO,F,170,35,174,159,333,,1
1672,LC,9/16/2010,10:07:00 AM,GR,BMWHMO,M,14,19,58,62,120,,1
1672,LC,9/16/2010,10:10:00 AM,GR,BMHCRA,F,118,31,93,123,176,,1
1672,LC,9/17/2010,11:15:00 AM,GR,BMWHMO,F,15,17,64,67,131,,1
1717,LC,10/9/2010,10:45:00 AM,GR,BMWHMO,M,17,18,56,75,131,,1
1717,LC,10/11/2010,10:50:00 AM,GR,BMWHMO,M,20,18,62,66,128,,1
1739,LC,9/17/2010,1:35:00 PM,GR,BMWHMO,M,30,21,66,86,152,,1
1739,LC,9/18/2010,8:58:00 AM,GR,BMWHMO,M,30,21,68,87,155,,1
1739,LC,9/18/2010,9:05:00 AM,GR,BMWHMO,M,27,21,69,94,163,,
1739,LC,9/19/2010,7:51:00 AM,GR,BMWHMO,M,30,20,66,87,153,,1
1739,LC,9/19/2010,7:52:00 AM,GR,BMWHMO,M,26,21,69,99,168,,
1739,LC,9/19/2010,7:54:00 AM,GR,BMWHMO,F,29,22,72,90,162,,
1739,LC,9/19/2010,8:00:00 AM,GR,BMWHMO,M,29,21,,,,Escaped,
1771,LC,10/9/2010,10:05:00 AM,GR,BMCOMO,F,29,22,75,92,167,,1
1771,LC,10/10/2010,10:16:00 AM,GR,BMCOMO,F,37,21,77,73,150,,1
1771,LC,10/11/2010,10:22:00 AM,GR,BMCOMO,F,37,21,80,90,170,,1
1771,LC,10/11/2010,10:27:00 AM,GR,BMCOMO,M,33,23,71,101,172,,
1777,LC,10/10/2010,9:32:00 AM,GR,BMCOMO,F,29,21,64,71,135,,1
1777,LC,10/11/2010,11:40:00 AM,TR,BMCOMO,M,26,23,75,82,157,,1
1777,LC,10/11/2010,11:43:00 AM,GR,BMCOMO,M,31,22,74,85,159,,
1777,LC,10/11/2010,11:46:00 AM,GR,BMCOMO,F,13,21,53,55,108,Juvenile,
1777,LC,10/11/2010,11:49:00 AM,GR,BMCOMO,M,27,22,72,82,154,,
1777,LC,10/12/2010,10:13:00 AM,GR,BMCOMO,F,33,22,74,93,167,,1
1777,LC,10/12/2010,10:15:00 AM,GR,BMCOMO,M,26,22,69,81,150,,
1777,LC,10/12/2010,10:20:00 AM,TR,BMCOMO,F,13,20,46,72,118,Juvenile,
1794,LC,9/19/2010,9:04:00 AM,GR,BMWHMO,F,27,21,76,87,163,,1
1808,LC,10/9/2010,9:55:00 AM,GR,BMCOMO,F,36,23,74,83,157,,
1808,LC,10/9/2010,10:00:00 AM,GR,BMCOMO,F,34,22,72,79,151,,1
1808,LC,10/9/2010,10:05:00 AM,GR,BMCOMO,M,28,21,72,70,142,,
1808,LC,10/10/2010,10:13:00 AM,GR,BMCOMO,F,26,22,77,79,156,,1
1808,LC,10/10/2010,10:16:00 AM,GR,BMCOMO,F,31,22,68,79,147,,
1808,LC,10/10/2010,10:20:00 AM,GR,BMCOMO,M,34,23,73,81,154,,
1808,LC,10/10/2010,10:23:00 AM,GR,BMCOMO,M,26,23,70,86,156,,
1808,LC,10/10/2010,10:27:00 AM,GR,BMCOMO,F,32,22,71,74,145,,
1808,LC,10/10/2010,10:30:00 AM,GR,BMCOMO,M,26,22,78,81,159,,
1808,LC,10/10/2010,10:33:00 AM,GR,BMCOMO,F,29,22,71,72,143,,
1808,LC,10/10/2010,10:37:00 AM,GR,BMCOMO,M,38,22,70,92,162,Scrotal,
1808,LC,10/11/2010,1:02:00 PM,GR,BMCOMO,F,29,22,74,80,154,,1
1808,LC,10/11/2010,1:04:00 PM,GR,BMCOMO,F,29,22,72,95,167,,
1808,LC,10/11/2010,1:07:00 PM,GR,BMCOMO,M,26,22,69,79,148,,
1842,LC,9/16/2010,10:45:00 AM,TR,BMGOMO,M,20,17,80,82,162,,1
1842,LC,9/17/2010,11:48:00 AM,TR,BMGOMO,F,22,17,86,78,164,,1
1842,LC,9/18/2010,9:28:00 AM,TR,BMGOMO,M,18,18,77,76,153,,1
1842,LC,9/18/2010,9:32:00 AM,TR,BMGOMO,F,20,16,85,82,167,,
1927,LC,10/2/2010,9:53:00 AM,GR,BMWHMO,,,,,,,,1
1927,LC,10/2/2010,9:55:00 AM,GR,BMGOMO,F,22,14,75,61,136,,1
1927,LC,10/3/2010,10:40:00 AM,TR,BMWHMO,M,13,16,66,55,121,,1
1927,LC,10/3/2010,10:45:00 AM,GR,BMGOMO,F,17,18,79,72,151,Caught in same trap,1
1927,LC,10/3/2010,10:45:00 AM,GR,BMWHMO,F,17,18,60,84,144,Caught in same trap,
1927,LC,10/4/2010,9:03:00 AM,GR,BMWHMO,F,13,13,58,63,121,,1
1927,LC,10/4/2010,9:05:00 AM,GR,BMWHMO,M,19,19,61,71,132,,
1927,LC,10/4/2010,9:07:00 AM,GR,BMWHMO,M,20,19,72,69,141,,
1927,LC,10/4/2010,9:08:00 AM,GR,BMGOMO,F,21,18,76,70,146,,1
1929,LC,10/3/2010,11:24:00 AM,TR,BMCOMO,M,,23,75,89,164,,1
1929,LC,10/4/2010,10:10:00 AM,TR,BMCOMO,M,27,23,75,90,165,,1
1929,LC,10/4/2010,10:14:00 AM,TR,BMGOMO,F,14,17,76,66,142,,1
1929,LC,10/4/2010,10:18:00 AM,GR,BMGOMO,F,17,15,77,76,153,,
1929,LC,10/4/2010,10:23:00 AM,GR,BMSSSH,,6,9,15,57,72,Dead,1
1929,LC,10/4/2010,10:32:00 AM,GR,BMGOMO,M,20,19,84,76,160,,
1929,LC,10/5/2010,9:00:00 AM,TR,BMGOMO,M,17,15,74,78,152,,1
1929,LC,10/5/2010,9:05:00 AM,GR,BMGOMO,F,18,21,79,79,158,,
1929,LC,10/5/2010,9:05:00 AM,TR,BMCOMO,M,22,22,75,101,176,Dead,1
1929,LC,10/5/2010,9:12:00 AM,GR,BMGOMO,F,17,13,68,72,140,,
1929,LC,10/5/2010,9:16:00 AM,GR,BMGOMO,F,11,12,71,65,136,,
1954,LC,10/3/2010,8:41:00 AM,GR,BMCOMO,F,33,22,75,96,171,,1
1954,LC,10/4/2010,10:02:00 AM,GR,BMWHMO,M,22,19,58,60,118,,1
1954,LC,10/4/2010,10:07:00 AM,GR,BMWHMO,F,30,20,75,85,160,,
1954,LC,10/4/2010,10:09:00 AM,GR,BMWHMO,F,24,19,67,76,143,,
1954,LC,10/4/2010,10:11:00 AM,GR,BMGOMO,F,18,17,70,68,138,,1
1954,LC,10/5/2010,9:00:00 AM,GR,BMCOMO,F,34,22,68,74,142,,1
1954,LC,10/5/2010,9:03:00 AM,GR,BMGOMO,F,22,15,65,69,134,,1
1954,LC,10/5/2010,9:06:00 AM,GR,BMGOMO,M,17,16,65,60,125,,
1954,LC,10/5/2010,9:10:00 AM,GR,BMHCRA,F,80,25,105,90,195,,1
1954,LC,10/5/2010,9:12:00 AM,GR,BMWHMO,M,20,18,54,68,122,,1
1954,LC,10/5/2010,9:15:00 AM,GR,BMWHMO,M,24,20,64,85,149,,
1961,LC,10/1/2010,10:04:00 AM,GR,BMGOMO,F,11,16,69,59,128,Juvenile,1
1961,LC,10/2/2010,9:49:00 AM,GR,BMGOMO,,,,,,,Escaped,1
1961,LC,10/2/2010,9:51:00 AM,GR,BMGOMO,F,19,17,70,70,140,,
1961,LC,10/2/2010,9:51:00 AM,GR,BMGOMO,M,17,17,84,69,153,,
1961,LC,10/3/2010,10:35:00 AM,GR,BMGOMO,F,15,16,80,80,160,,1
1961,LC,10/3/2010,10:40:00 AM,GR,BMCOMO,M,30,22,75,93,168,,1
1961,LC,10/3/2010,10:44:00 AM,GR,BMCOMO,F,27,22,74,80,154,,
1961,LC,10/3/2010,10:48:00 AM,GR,BMGOMO,M,19,18,75,78,153,,
1985,LC,10/2/2010,10:17:00 AM,GR,BMWHMO,M,19,19,55,60,115,,1
1985,LC,10/2/2010,10:20:00 AM,GR,BMWHMO,F,15,18,60,58,118,,
1985,LC,10/2/2010,10:25:00 AM,GR,BMWHMO,F,20,18,63,71,134,,
1985,LC,10/3/2010,9:00:00 AM,GR,BMWHMO,F,19,18,49,78,127,,1
1985,LC,10/3/2010,9:04:00 AM,GR,BMWHMO,M,19,17,41,61,122,,
1985,LC,10/3/2010,9:08:00 AM,GR,BMWHMO,M,20,19,56,74,130,Juvenile,
1985,LC,10/3/2010,9:12:00 AM,GR,BMWHMO,M,20,17,57,68,125,,
1985,LC,10/3/2010,9:15:00 AM,GR,BMCOMO,F,20,16,56,62,118,,1
1985,LC,10/3/2010,9:18:00 AM,GR,BMWHMO,M,26,22,61,79,140,,
1985,LC,10/3/2010,9:20:00 AM,GR,BMGOMO,F,17,17,60,75,135,,1
1985,LC,10/4/2010,8:53:00 AM,GR,BMWHMO,M,18,17,60,71,131,,1
1985,LC,10/4/2010,8:56:00 AM,GR,BMCOMO,F,20,17,53,69,122,,1
1985,LC,10/4/2010,8:59:00 AM,GR,BMWHMO,M,26,22,62,86,148,,
1985,LC,10/4/2010,9:02:00 AM,GR,BMWHMO,F,20,18,55,68,123,,
1985,LC,10/4/2010,9:05:00 AM,GR,BMWHMO,M,15,17,44,56,100,,
1985,LC,10/4/2010,9:08:00 AM,GR,BMWHMO,F,16,17,42,58,100,,
1985,LC,10/4/2010,9:11:00 AM,GR,BMWHMO,F,18,19,61,60,121,,
1985,LC,10/4/2010,9:14:00 AM,GR,BMWHMO,F,19,19,70,74,144,,
1985,LC,10/4/2010,9:17:00 AM,GR,BMWHMO,F,17,16,57,60,117,,
1985,LC,10/4/2010,9:20:00 AM,GR,BMWHMO,F,28,19,65,82,147,,
2032,LC,9/15/2010,9:16:00 AM,GR,BMWHMO,F,16,18,57,55,112,,1
2032,LC,9/16/2010,9:11:00 AM,TR,BMWHMO,M,22,17,67,74,141,,1
2032,LC,9/16/2010,9:16:00 AM,GR,BMWHMO,F,17,18,50,79,129,,
2032,LC,9/16/2010,9:18:00 AM,GR,BMWHMO,F,18,18,67,73,140,,
2032,LC,9/16/2010,9:20:00 AM,GR,BMLESH,,6,11,19,67,86,,1
2032,LC,9/16/2010,9:28:00 AM,GR,BMWHMO,F,21,18,61,80,141,,
2032,LC,9/17/2010,10:28:00 AM,TR,BMWHMO,M,21,18,61,70,131,,1
2032,LC,9/17/2010,10:31:00 AM,GR,BMWHMO,F,19,18,48,65,113,,
2032,LC,9/17/2010,10:54:00 AM,GR,BMLESH,,7,11,14,53,67,,1
2032,LC,9/17/2010,10:36:00 AM,GR,BMLESH,,7,11,19,65,84,,
2032,LC,9/17/2010,10:39:00 AM,GR,BMCOMO,F,17,22,61,69,130,,1
2054,LC,10/1/2010,9:35:00 AM,GR,BMWHMO,F,29,17,65,72,137,,1
2054,LC,10/1/2010,9:38:00 AM,GR,BMCOMO,F,35,21,75,97,172,,1
2054,LC,10/1/2010,9:45:00 AM,GR,BMCOMO,M,35,23,70,89,159,,
2054,LC,10/2/2010,9:36:00 AM,GR,BMWHMO,M,21,18,58,68,126,,1
2054,LC,10/2/2010,9:38:00 AM,GR,BMWHMO,M,27,17,62,64,126,,
2054,LC,10/2/2010,9:40:00 AM,GR,BMWHMO,M,31,20,68,88,156,,
2054,LC,10/2/2010,9:45:00 AM,GR,BMCOMO,M,34,22,65,77,142,,
2054,LC,10/3/2010,9:55:00 AM,GR,BMEAWO,M,213,40,154,148,302,,1
2054,LC,10/3/2010,9:59:00 AM,GR,BMCOMO,F,30,22,77,85,162,,1
2054,LC,10/3/2010,10:01:00 AM,GR,BMCOMO,M,33,23,70,76,146,,
2054,LC,10/3/2010,10:05:00 AM,GR,BMWHMO,F,21,18,56,64,120,,1
2054,LC,10/3/2010,10:07:00 AM,GR,BMWHMO,F,20,18,64,69,133,,
2054,LC,10/3/2010,10:09:00 AM,GR,BMCOMO,M,37,23,73,81,154,,
2102,LC,10/9/2010,9:05:00 AM,GR,BMWHMO,F,10,20,69,78,147,,1
2102,LC,10/10/2010,8:49:00 AM,GR,BMWHMO,M,20,17,54,76,130,,1
2102,LC,10/10/2010,8:54:00 AM,GR,BMWHMO,F,21,18,66,76,142,,
2102,LC,10/10/2010,8:55:00 AM,TR,BMSFSQ,F,64,27,95,118,213,,1
2116,LC,10/2/2010,10:35:00 AM,GR,BMCOMO,F,21,22,75,74,149,,1
2116,LC,10/3/2010,11:19:00 AM,GR,BMCOMO,F,14,22,64,67,131,Juvenile,1
2116,LC,10/3/2010,11:26:00 AM,GR,BMCOMO,M,28,22,80,81,162,,
2116,LC,10/3/2010,11:35:00 AM,GR,BMCOMO,M,21,22,75,72,147,,
2116,LC,10/3/2010,11:39:00 AM,GR,BMCOMO,M,28,22,76,94,170,,
2116,LC,10/4/2010,8:30:00 AM,GR,BMCOMO,F,18,22,71,77,148,,1
2116,LC,10/4/2010,8:34:00 AM,GR,BMMouse,F,14,21,65,69,134,Juvenile,1
2116,LC,10/4/2010,8:37:00 AM,GR,BMCOMO,F,36,22,78,74,152,,
2116,LC,10/4/2010,8:42:00 AM,GR,BMWHMO,M,17,20,57,64,121,,1
2118,LC,10/3/2010,11:59:00 AM,GR,BMOPOS,,,,,,,Juvenile,1
2118,LC,10/3/2010,12:03:00 PM,GR,BMHCRA,M,23,21,62,78,140,Juvenile,1
2118,LC,10/3/2010,12:08:00 PM,GR,BMMouse,F,14,21,67,67,134,Juvenile,1
2118,LC,10/3/2010,12:12:00 PM,GR,BMHCRA,M,24,22,60,83,143,Juvenile,
2118,LC,10/3/2010,12:17:00 PM,GR,BMGOMO,F,19,17,81,70,151,,1
2118,LC,10/4/2010,9:51:00 AM,GR,BMHCRA,F,25,23,58,71,129,Juvenile,1
2118,LC,10/4/2010,9:53:00 AM,GR,BMHCRA,F,26,22,66,72,138,Juvenile,
2128,LC,9/15/2010,8:54:00 AM,GR,BMCOMO,M,26,22,68,84,152,,1
2128,LC,9/16/2010,8:40:00 AM,GR,BMGOMO,F,15,17,66,64,130,,1
2128,LC,9/16/2010,8:45:00 AM,GR,BMCOMO,F,31,23,68,81,149,,1
2128,LC,9/16/2010,8:49:00 AM,GR,BMGOMO,F,11,16,52,67,119,,
2128,LC,9/17/2010,9:14:00 AM,GR,BMCOMO,M,26,22,68,79,147,,1
2128,LC,9/17/2010,9:17:00 AM,GR,BMLESH,,9,9,15,55,70,,1
2166,LC,10/10/2010,9:52:00 AM,GR,BMEAWO,M,193,34,157,158,315,,1
2166,LC,10/12/2010,9:39:00 AM,GR,BMEAWO,M,200,37,165,165,330,,1
2167,LC,10/11/2010,8:40:00 AM,GR,BMWHMO,F,33,21,68,95,163,,1
2167,LC,10/11/2010,8:44:00 AM,GR,BMWHMO,F,34,21,79,77,156,,
2167,LC,10/12/2010,10:25:00 AM,GR,BMWHMO,F,39,21,71,105,176,,1
2167,LC,10/12/2010,10:27:00 AM,GR,BMWHMO,M,29,19,69,87,156,,
2196,LC,10/9/2010,12:08:00 PM,GR,BMCOMO,M,32,22,60,79,139,,1
2196,LC,10/9/2010,12:10:00 PM,GR,BMWHMO,F,35,21,66,91,157,,1
2196,LC,10/10/2010,9:19:00 AM,GR,BMWHMO,F,33,21,66,80,146,,1
2196,LC,10/10/2010,9:49:00 AM,GR,BMWHMO,F,39,21,71,85,156,,
2198,LC,10/9/2010,8:58:00 AM,GR,BMWHMO,F,38,21,72,87,159,,1
2198,LC,10/10/2010,8:48:00 AM,TR,BMWHMO,M,30,21,62,82,144,,1
2198,LC,10/10/2010,8:50:00 AM,GR,BMWHMO,F,33,21,72,87,159,,
2233,LC,10/1/2010,9:30:00 AM,GR,BMWHMO,M,14,19,63,67,130,Juvenile,1
2233,LC,10/3/2010,9:42:00 AM,TR,BMCOMO,M,,21,73,83,156,,1
2283,LC,10/1/2010,8:58:00 AM,GR,BMWHMO,F,31,20,70,61,131,,1
2283,LC,10/2/2010,8:57:00 AM,GR,BMCOMO,F,34,22,79,83,162,,1
2283,LC,10/3/2010,11:26:00 AM,GR,BMSSSH,,10,10,17,63,80,,1
2283,LC,10/3/2010,11:28:00 AM,GR,BMWHMO,M,38,21,70,96,166,,1
2289,LC,10/1/2010,8:50:00 AM,GR,BMWHMO,M,19,17,59,79,138,,1
2289,LC,10/2/2010,8:45:00 AM,GR,BMWHMO,F,21,17,39,58,117,,1
2289,LC,10/3/2010,8:56:00 AM,GR,BMSSSH,,5,11,20,32,72,,1
2302,LC,10/1/2010,8:57:00 AM,GR,BMHCRA,F,49,25,62,105,167,,1
2302,LC,10/1/2010,9:05:00 AM,GR,BMMouse,F,13,18,56,65,121,Juvenile,1
2302,LC,10/2/2010,8:50:00 AM,GR,BMHCRA,F,85,29,98,137,235,,1
2302,LC,10/3/2010,8:42:00 AM,GR,BMSSSH,,,,,,,Escaped,1
2302,LC,10/3/2010,8:46:00 AM,GR,BMHCRA,F,80,27,97,135,232,,1
2302,LC,10/3/2010,8:52:00 AM,GR,BMWHMO,M,19,17,54,76,130,,1
2302,LC,10/3/2010,8:58:00 AM,GR,BMWHMO,F,20,18,64,74,138,,
2373,GU,12/1/2010,8:40:00 AM,TR,BMWHMO,F,22,20,66,78,144,,1
2373,GU,12/1/2010,8:45:00 AM,GR,BMWHMO,F,10,18,50,64,114,Juvenile,
2373,GU,12/1/2010,8:50:00 AM,GR,BMWHMO,F,17,19,16,61,77,"Tail cut short, old wound",
2373,GU,12/1/2010,8:55:00 AM,GR,BMWHMO,F,21,19,67,75,142,,
2373,GU,12/1/2010,8:56:00 AM,GR,BMWHMO,F,25,19,70,68,138,,
2373,GU,12/2/2010,8:15:00 AM,GR,BMWHMO,F,22,19,68,63,131,,1
2373,GU,12/3/2010,9:55:00 AM,GR,BMWHMO,M,19,19,65,60,125,,1
2373,GU,12/3/2010,9:59:00 AM,GR,BMWHMO,F,13,18,55,53,103,Dead,
2405,GU,12/7/2010,8:30:00 AM,GR,BMWHMO,M,15,18,51,62,113,,1
2405,GU,12/8/2010,8:40:00 AM,GR,BMWHMO,F,16,19,52,59,111,,1
2405,GU,12/9/2010,8:20:00 AM,GR,BMWHMO,M,15,19,52,76,128,,1
2453,GU,12/3/2010,9:24:00 AM,GR,BMWHMO,M,22,19,70,90,160,,1
2453,GU,12/4/2010,8:40:00 AM,GR,BMWHMO,F,24,19,73,74,147,,1
2453,GU,12/4/2010,8:42:00 AM,GR,BMWHMO,F,22,18,64,80,144,,
2456,GU,12/2/2010,8:21:00 AM,GR,BMHCRA,,,,,,,Escaped,1
2456,GU,12/3/2010,8:17:00 AM,GR,BMHCRA,M,81,25,92,137,229,,1
2456,GU,12/4/2010,8:49:00 AM,GR,BMHCRA,M,80,27,98,145,243,,1
2456,GU,12/4/2010,8:56:00 AM,GR,BMHCRA,F,79,26,95,136,231,,
2467,GU,12/2/2010,8:58:00 AM,GR,BMCOMO,M,17,22,58,64,122,Juvenile,1
2467,GU,12/2/2010,9:05:00 AM,GR,BMCOMO,M,26,22,64,79,143,,
2467,GU,12/2/2010,9:10:00 AM,GR,BMCOMO,F,24,22,76,86,162,,
2467,GU,12/3/2010,8:50:00 AM,GR,BMCOMO,F,24,22,78,90,168,,1
2467,GU,12/3/2010,8:52:00 AM,GR,BMCOMO,F,16,20,60,76,136,"Juvenile, dead",
2467,GU,12/3/2010,8:54:00 AM,GR,BMCOMO,M,24,22,70,83,153,,
2467,GU,12/3/2010,8:56:00 AM,GR,BMCOMO,M,28,23,75,90,165,,
2467,GU,12/4/2010,9:40:00 AM,GR,BMCOMO,F,15,21,70,79,149,Juvenile,1
2467,GU,12/4/2010,9:45:00 AM,GR,BMCOMO,M,32,21,64,74,138,,
2502,CW,11/9/2009,10:55:00 AM,GR,BMEACH,F,55,30,76,112,188,Dead,1
2506,CW,11/5/2009,9:00:00 AM,GR,BMWHMO,F,10,19,47,40,87,Juvenile,1
2506,CW,11/6/2009,9:50:00 AM,GR,BMWHMO,F,10,18,47,56,,Juvenile,1
2506,CW,11/7/2009,,GR,BMWHMO,F,10,18,47,55,,Juvenile,1
2522,CW,11/9/2009,9:10:00 AM,TR,BMEACH,F,50,33,95,102,197,,1
2606,CW,11/15/2009,10:50:00 AM,GR,BMEACH,F,85,35,100,,,Dead,1
2606,CW,11/15/2009,10:52:00 AM,GR,BMEACH,F,52,30,110,150,260,,
2667,CH,11/7/2009,11:09:00 AM,GR,BMWHMO,M,12,19,43,67,110,Juvenile,1
2688,CH,10/27/2009,9:09:00 AM,GR,BMWHMO,M,26,21,74,67,141,Scrotal,1
2688,CH,10/28/2009,9:00:00 AM,GR,BMWHMO,M,28,20,70,77,141,Scrotal,1
2688,CH,10/29/2009,9:45:00 AM,GR,BMWHMO,M,27,21,68,77,145,,1
2688,CH,10/29/2009,9:45:00 AM,GR,BMWHMO,M,19,17,49,56,105,Juvenile,
2688,CH,10/29/2009,9:45:00 AM,TR,BMSFSQ,M,66,32,105,145,250,"Dead, stiff",1
2691,CH,10/27/2009,9:00:00 AM,GR,BMSSSH,F,8,14,18,60,78,Dead,1
2691,CH,10/28/2009,9:17:00 AM,GR,BMWHMO,M,24,20,52,76,128,,1
2696,CH,10/30/2009,,TR,BMWHMO,F,20,20,60,70,130,Nursing,1
2696,CH,10/30/2009,9:00:00 AM,TR,BMWHMO,F,21,20,60,70,130,,
2704,CH,10/31/2009,9:30:00 AM,GR,BMWHMO,M,9,14,42,49,91,Juvenile,1
2709,CH,10/31/2009,10:00:00 AM,GR,BMWHMO,M,25,20,64,65,129,,1
2714,CH,10/31/2009,9:05:00 AM,GR,BMEAWO,F,79,33,175,156,331,,1
2714,CH,10/31/2009,9:05:00 AM,GR,BMSSSH,U,15,14,25,70,95,Dead,1
2714,CH,11/1/2009,9:46:00 AM,GR,BMEAWO,F,83,32,148,125,273,,1
2723,CH,10/28/2009,10:44:00 AM,GR,BMCOMO,F,30,23,74,90,164,,1
2723,CH,10/28/2009,10:46:00 AM,GR,BMWHMO,M,25,19,69,75,144,Caught in same trap,1
2723,CH,10/29/2009,10:40:00 AM,GR,BMWHMO,F,35,20,76,82,158,Caught in same trap,1
2723,CH,10/29/2009,10:40:00 AM,GR,BMWHMO,F,27,20,60,75,135,Juvenile,
2723,CH,10/29/2009,10:45:00 AM,GR,BMCOMO,F,33,22,83,80,183,,1
2723,CH,10/30/2009,10:05:00 AM,GR,BMCOMO,F,36,21,76,81,157,,1
2724,CH,10/28/2009,9:12:00 AM,GR,BMWHMO,F,27,20,27,72,,,1
2724,CH,10/28/2009,9:30:00 AM,GR,BMWHMO,F,24,20,27,78,,Recapture of individual on 10/28,
2733,OM,10/21/2009,11:00:00 AM,GR,BMCOMO,M,30,22,70,75,145,Juvenile,1
2746,OM,10/21/2009,10:00:00 AM,GR,BMEACH,M,55,30,75,115,190,,1
2852,OM,10/20/2009,9:56:00 AM,GR,BMWHMO,F,24,20,65,78,143,Juvenile,1
3033,OM,10/13/2009,10:39:00 AM,GR,BMWHMO,F,28,19,68,75,143,,1
3049,OM,10/21/2009,9:50:00 AM,GR,BMWHMO,F,18,20,60,75,135,Dead,1
3049,OM,10/22/2009,8:35:00 AM,GR,BMWHMO,M,21,20,58,65,123,Scortal,1
3049,OM,10/22/2009,8:35:00 AM,GR,BMSSSH,F,8,12,21,75,96,Dead,1
3049,OM,10/22/2009,8:35:00 AM,GR,BMSSSH,F,8,13,19,69,88,Dead,
3064,OM,10/14/2009,9:36:00 AM,GR,BMWHMO,F,20,18,62,71,133,,1
3064,OM,10/15/2009,10:55:00 AM,GR,BMWHMO,M,20,19,62,75,137,,1
3106,OM,10/15/2009,9:00:00 AM,GR,BMCOMO,F,37,22,82,82,164,Unhealthy,1
3106,OM,10/15/2009,9:00:00 AM,GR,BMCOMO,M,16,20,61,65,126,Juvenile,
3106,OM,10/16/2009,9:00:00 AM,GR,BMCOMO,M,17,21,64,75,139,Juvenile,1
3106,OM,10/17/2009,9:00:00 AM,GR,BMCOMO,F,19,20,60,60,120,Juvenile,1
3106,OM,10/17/2009,9:30:00 AM,GR,BMCOMO,F,31,22,82,80,162,Nursing,
3127,OM,10/14/2009,8:30:00 AM,GR,BMCOMO,F,36,21,72,88,160,Nursing,1
3265,WC,11/21/2009,11:04:00 AM,GR,BMWHMO,F,22,20,61,79,140,,1
3265,WC,11/21/2009,11:17:00 AM,GR,BMWHMO,F,,,,,,"Released, unhealthy",
3265,WC,11/22/2009,10:50:00 AM,GR,BMWHMO,F,,,,,,Released,1
3265,WC,11/23/2009,10:15:00 AM,GR,BMEACH,,,,,,,Escaped,1
3265,WC,11/23/2009,10:15:00 AM,GR,BMSFSQ,,,,,,,Dead,1
3265,WC,11/23/2009,10:20:00 AM,GR,BMWHMO,M,24,20,56,72,128,,1
3265,WC,11/23/2009,10:25:00 AM,GR,BMWHMO,F,32,19,60,80,140,,
3267,WC,11/22/2009,10:15:00 AM,GR,BMWHMO,F,29,19,61,81,142,,1
3267,WC,11/22/2009,10:15:00 AM,GR,BMWHMO,F,12,17,43,60,103,"Juvenile, tail cut short",
3267,WC,11/23/2009,9:15:00 AM,GR,BMWHMO,M,22,19,63,85,,,1
3267,WC,11/23/2009,9:15:00 AM,GR,BMWHMO,F,18,19,60,75,,,
3267,WC,11/23/2009,9:20:00 AM,GR,BMWHMO,F,32,22,77,80,,,
3267,WC,11/23/2009,9:20:00 AM,GR,BMWHMO,F,12,17,44,60,,Juvenile,
3267,WC,11/24/2009,9:48:00 AM,GR,BMWHMO,F,18,19,55,72,127,,1
3267,WC,11/24/2009,9:57:00 AM,GR,BMWHMO,M,,20,70,78,148,Unhealthy,
3267,WC,11/24/2009,10:00:00 AM,GR,BMSSSH,,,,,,,Dead,1
3267,WC,11/24/2009,10:00:00 AM,GR,BMWHMO,M,,,,,,Dead,
3273,WC,11/20/2009,10:30:00 AM,GR,BMWHMO,F,33,20,65,75,,Nursing,1
3278,WC,11/18/2009,9:15:00 AM,GR,BMWHMO,,17,,,,,"Nursing, escaped",1
3278,WC,11/19/2009,11:26:00 AM,GR,BMWHMO,F,18,19,56,60,116,Juvenile,1
3278,WC,11/20/2009,9:56:00 AM,GR,BMWHMO,F,16,17,49,68,117,Juvenile,1
3282,WC,11/18/2009,9:32:00 AM,GR,BMWHMO,F,27,20,72,,,Escaped,1
3282,WC,11/19/2009,9:37:00 AM,GR,BMWHMO,F,17,18,48,62,110,,1
3282,WC,11/19/2009,9:33:00 AM,GR,BMWHMO,M,13,17,44,50,94,Juvenile,
3282,WC,11/20/2009,12:57:00 PM,GR,,M,11,19,57,55,112,Dead,
3283,WC,11/21/2009,12:20:00 PM,GR,BMEACH,F,97,37,112,210,322,"Dead, fire ants",1
3283,WC,11/22/2009,10:28:00 AM,GR,BMWHMO,M,21,19,65,75,140,,1
3283,WC,11/23/2009,11:50:00 AM,GR,BMEACH,MS,141,32,105,140,245,,1
3297,WC,11/22/2009,10:05:00 AM,GR,BMWHMO,M,15,18,51,66,117,Juvenile,1
3297,WC,11/23/2009,11:14:00 AM,GR,BMCOMO,F,17,22,55,75,130,Juvenile,1
3297,WC,11/24/2009,10:11:00 AM,GR,BMWHMO,M,26,21,70,77,147,,1
3346,CO,9/20/2009,10:56:00 AM,TR,BMSFSQ,M,60,,,,,Dead,1
3353,CO,10/2/2009,10:06:00 AM,GR,BMGOMO,M,23,17,61,92,153,,1
3405,CO,9/10/2009,11:50:00 AM,GR,BMEAWO,M,203,38,155,140,295,,1
3410,CO,9/8/2009,9:20:00 AM,TR,BMWHMO,M,22,21,66,70,136,,1
3410,CO,9/10/2009,9:52:00 AM,TR,BMWHMO,M,21,21,68,,,Escaped,1
3410,CO,9/10/2009,9:46:00 AM,GR,BMWHMO,F,20,20,60,65,125,,
3410,CO,9/10/2009,9:54:00 AM,GR,BMWHMO,M,21,19,65,70,135,,
3462,CO,9/9/2009,9:39:00 AM,GR,BMWHMO,M,,20,60,71,131,,1
3462,CO,9/10/2009,10:57:00 AM,GR,BMWHMO,M,17,20,58,64,122,Scrotal,1
3462,CO,9/10/2009,10:58:00 AM,GR,BMWHMO,F,22,21,65,70,135,,
3465,CO,9/19/2009,9:15:00 AM,GR,BMWHMO,,,,,,,Escaped,1
3540,WC,11/20/2009,10:54:00 AM,GR,BMWHMO,F,20,20,63,75,138,,1
3541,WC,11/20/2009,10:15:00 AM,GR,BMWHMO,F,20,20,66,62,128,,
3541,WC,11/21/2009,9:50:00 AM,GR,BMWHMO,M,20,20,60,67,127,,1
3541,WC,11/22/2009,11:30:00 AM,GR,BMWHMO,F,22,21,66,62,128,,1
3541,WC,11/22/2009,11:36:00 AM,GR,BMWHMO,F,23,21,65,67,132,,
3541,WC,11/22/2009,11:40:00 AM,GR,BMWHMO,M,9,17,56,51,107,Juvenile,
3541,WC,11/22/2009,11:42:00 AM,GR,BMWHMO,M,19,20,60,68,128,,
3541,WC,11/22/2009,11:46:00 AM,GR,BMWHMO,M,9,20,55,50,105,Juvenile,
3553,CO,10/3/2009,10:00:00 AM,GR,BMHCRA,M,91,31,21,109,130,Missing some tail,1
3585,CO,9/18/2009,2:02:00 PM,GR,,M,25,19,70,70,140,,0
3585,CO,9/20/2009,11:00:00 AM,GR,BMWHMO,M,24,20,67,70,137,Scrotal,1
3585,CO,9/20/2009,11:00:00 AM,GR,BMWHMO,F,25,19,61,69,130,Tail tuff,
3606,CO,9/17/2009,9:50:00 AM,GR,BMWHMO,M,39,19,57,81,138,,1
3606,CO,9/19/2009,2:00:00 PM,GR,BMWHMO,M,31,21,71,64,,,1
3606,CO,9/19/2009,2:10:00 PM,GR,BMWHMO,M,30,20,72,54,,,
3664,CO,9/19/2009,1:13:00 PM,GR,BMWHMO,M,26,19,73,84,157,,
3664,CO,9/20/2009,10:25:00 PM,GR,BMWHMO,M,23,18,67,71,138,,1
3688,CO,9/10/2009,10:31:00 AM,GR,BMWHMO,M,19,19,58,70,128,,1
3705,CO,9/18/2009,1:22:00 PM,GR,BMUNKN,,,,,,,,1
3705,CO,9/18/2009,1:22:00 PM,TR,BMWHMO,M,21,18,65,74,139,Scrotal,1
3705,CO,9/19/2009,1:12:00 PM,TR,BMWHMO,M,21,20,65,70,135,Scrotal,1
3705,CO,9/19/2009,1:22:00 PM,TR,BMWHMO,F,20,19,57,60,117,,
3705,CO,9/19/2009,1:12:00 PM,TR,BMWHMO,M,24,19,65,70,135,Scrotal,
3705,CO,9/19/2009,1:20:00 PM,TR,BMWHMO,M,24,20,66,70,136,Scrotal,
3732,CO,9/19/2009,12:00:00 PM,GR,BMWHMO,F,18,19,57,70,127,,
3732,CO,9/20/2009,9:05:00 AM,GR,BMWHMO,M,28,19,61,75,136,,1
3770,CO,9/16/2009,12:33:00 AM,GR,BMWHMO,M,20,19,62,73,135,"Gray, dark heels no tuft",1
3770,CO,9/18/2009,10:20:00 AM,GR,BMWHMO,M,,20,65,70,135,Scrotal,1
3770,CO,9/18/2009,10:28:00 AM,GR,BMWHMO,M,22,19,69,72,141,Tail tuff,
3805,CO,10/6/2009,10:53:00 AM,GR,BMGOMO,F,26,16,71,97,168,Nursing,1
3805,CO,10/8/2009,11:00:00 AM,GR,BMGOMO,F,33,17,75,95,170,Nursing,1
3817,BA,9/19/2008,9:28:00 AM,GR,BMHCRA,,,,,,,Escaped,1
3817,BA,9/19/2008,9:30:00 AM,GR,BMCOMO,F,37,22,65,42,157,,1
3817,BA,9/20/2008,8:50:00 AM,GR,BMHCRA,F,158,30,106,152,258,,1
3817,BA,9/20/2008,9:01:00 AM,GR,BMCOMO,M,,122,74,93,,Escaped,1
3817,BA,9/20/2008,9:10:00 AM,GR,BMCOMO,M,,22,68,,,Escaped,0
3817,BA,9/21/2008,8:31:00 AM,GR,BMEHMO,M,9,14,50,59,109,,1
3817,BA,9/21/2008,8:25:00 AM,GR,BMHCRA,,,,,,,"Dead, covered in fire ants",1
3817,BA,9/21/2008,8:48:00 AM,GR,BMCOMO,M,30,22,64,94,158,,
3817,BA,9/21/2008,8:55:00 AM,GR,BMCOMO,,22,,,,,Escaped,
3817,BA,9/21/2008,9:00:00 AM,GR,BMHCRA,F,145,29,,,,Escaped,
3817,BA,9/21/2008,9:05:00 AM,GR,BMCOMO,F,35,22,71,102,173,,
3817,BA,9/21/2008,9:10:00 AM,GR,BMCOMO,M,32,22,73,115,188,,
3817,BA,9/21/2008,9:16:00 AM,TR,BMCOMO,M,31,22,70,85,155,,
3817,BA,9/21/2008,9:28:00 AM,TR,BMCOMO,M,26,21,68,92,160,,
3842,BA,9/19/2008,9:15:00 AM,TR,BMCOMO,M,24,22,64,90,,,1
3842,BA,9/21/2008,8:40:00 AM,TR,BMCOMO,F,17,22,72,63,,,1
3842,BA,9/19/2008,9:12:00 AM,GR,BMHCRA,F,20,22,71,67,,,1
3842,BA,9/20/2008,8:50:00 AM,GR,BMCOMO,,,,,,,Escaped,1
3842,BA,9/21/2008,8:40:00 AM,GR,BMHCRA,,23,24,65,83,,,1
3842,BA,9/21/2008,8:40:00 AM,GR,BMHCRA,M,18,23,64,68,,,
3842,BA,9/21/2008,8:40:00 AM,GR,BMCOMO,M,27,22,66,,,,0
3842,BA,9/18/2008,6:23:00 AM,GR,BMHCRA,F,23,24,67,71,138,Scared into trap,1
3864,BA,9/22/2008,8:06:00 AM,GR,BMCOMO,,,,,,,"Injuried leg from trap, released",1
3864,BA,9/23/2008,8:34:00 AM,GR,BMCOMO,F,26,21,74,81,155,,1
3864,BA,9/23/2008,8:49:00 AM,GR,BMCOMO,M,26,22,72,82,154,,
3864,BA,9/24/2008,8:13:00 AM,GR,BMCOMO,F,32,24,76,89,165,,1
3864,BA,9/24/2008,8:17:00 AM,GR,BMCOMO,M,25,20,66,101,167,,
3864,BA,9/24/2008,8:42:00 AM,GR,BMCOMO,M,31,22,78,79,157,,
3896,BA,9/20/2008,8:48:00 AM,GR,BMGOMO,F,8,12,65,77,142,"Golden brown, dorsal buffy ventral incisors groomed",1
3896,BA,9/20/2008,9:07:00 AM,GR,BMCOMO,M,19,21,64,76,140,,1
3896,BA,9/20/2008,9:24:00 AM,GR,,,,,,,,,
3896,BA,9/21/2008,11:15:00 AM,GR,BMCOMO,M,29,27,66,77,143,,1
3896,BA,9/21/2008,11:31:00 AM,GR,BMCOMO,M,17,22,61,71,132,,
3896,BA,9/22/2008,9:42:00 AM,GR,BMCOMO,M,15,22,64,69,133,,1
3896,BA,9/22/2008,10:04:00 AM,GR,BMCOMO,M,33,23,70,102,172,,
3896,BA,9/22/2008,10:13:00 AM,GR,BMCOMO,M,26,22,64,84,148,,
3919,BA,9/22/2008,10:51:00 AM,GR,BMCOMO,M,27,22,67,85,,,
3919,BA,9/24/2008,9:00:00 AM,GR,BMCOMO,F,29,22,69,84,,Jumpy,1
3919,BA,9/24/2008,9:05:00 AM,GR,BMCOMO,F,12,22,64,70,,Juvenile,
4032,BA,9/21/2008,10:31:00 AM,GR,BMCOMO,F,8,21,54,57,,Juvenile,1
4032,BA,9/21/2008,10:39:00 AM,GR,BMCOMO,M,17,22,64,77,,,
4032,BA,9/21/2008,10:40:00 AM,GR,BMCOMO,F,22,22,66,80,,,
4032,BA,9/21/2008,10:43:00 AM,GR,BMCOMO,M,29,22,68,78,,,
4032,BA,9/22/2008,10:05:00 AM,GR,BMCOMO,M,12,20,53,66,,Juvenile,1
4032,BA,9/22/2008,10:10:00 AM,GR,BMCOMO,F,20,22,75,86,,,
4032,BA,9/22/2008,10:13:00 AM,GR,BMCOMO,F,34,22,73,85,,,
4032,BA,9/22/2008,10:14:00 AM,GR,BMCOMO,F,14,22,66,76,,,
4032,BA,9/22/2008,10:27:00 AM,GR,BMCOMO,M,26,22,67,83,,,
4032,BA,9/22/2008,10:31:00 AM,GR,BMCOMO,F,11,21,63,68,,Juvenile,
4032,BA,9/23/2008,9:10:00 AM,GR,BMCOMO,F,12,22,66,69,,Juvenile,1
4032,BA,9/23/2008,9:15:00 AM,GR,BMCOMO,F,26,23,79,77,,,
4032,BA,9/23/2008,9:16:00 AM,GR,BMCOMO,F,15,22,64,78,,,
4032,BA,9/23/2008,9:18:00 AM,GR,BMCOMO,M,17,22,63,79,,,
4032,BA,9/23/2008,9:20:00 AM,GR,BMCOMO,F,24,20,68,66,,,
4032,BA,9/23/2008,9:22:00 AM,GR,BMCOMO,F,18,22,58,69,,,
4032,BA,9/23/2008,9:24:00 AM,GR,BMCOMO,,19,22,69,72,,,
4032,BA,9/21/2008,10:12:00 AM,GR,BMCOMO,F,29,21,68,87,,,1
4032,BA,9/21/2008,10:23:00 AM,GR,BMCOMO,F,34,21,78,93,,,
4032,BA,9/21/2008,10:25:00 AM,GR,BMCOMO,F,23,22,74,82,,,
4044,BA,9/23/2008,8:50:00 AM,GR,BMGOMO,M,15,16,75,81,156,"Recapture, mouse with white patches on butt",1
4044,BA,9/20/2008,9:42:00 AM,GR,BMCOMO,F,30,22,76,107,183,,1
4044,BA,9/20/2008,9:52:00 AM,GR,,,,,,,,"Escaped, white patches on butt",
4044,BA,9/21/2008,10:17:00 AM,GR,BMCOMO,M,25,21,65,89,154,,1
4044,BA,9/21/2008,10:25:00 AM,GR,BMHCRA,M,40,30,109,107,216,,1
4044,BA,9/21/2008,10:32:00 AM,GR,BMHCRA,F,47,30,114,102,216,,
4044,BA,9/22/2008,8:50:00 AM,GR,BMCOMO,M,30,22,72,92,164,,1
4044,BA,9/22/2008,9:00:00 AM,GR,BMOLMO,F,26,17,42,68,110,,1
4044,BA,9/22/2008,9:10:00 AM,GR,BMOLMO,M,14,17,42,74,116,,
4045,BA,9/21/2008,10:57:00 AM,TR,BMCOMO,M,20,22,63,80,143,Juvenile,1
4045,BA,9/23/2008,10:05:00 AM,TR,BMCOMO,M,20,22,61,88,149,Juvenile,1
4045,BA,9/21/2008,10:50:00 AM,GR,BMCOMO,F,32,22,78,94,172,,
4045,BA,9/22/2008,9:40:00 AM,GR,BMOLMO,M,15,17,42,73,115,,1
4045,BA,9/23/2008,9:18:00 AM,GR,BMOLMO,M,12,17,42,74,116,,
4045,BA,9/23/2008,9:40:00 AM,GR,BMOLMO,F,22,16,42,92,134,,
4045,BA,9/23/2008,9:45:00 AM,GR,BMOLMO,M,15,16,42,75,117,,
4045,BA,9/23/2008,9:53:00 AM,GR,BMCOMO,M,17,21,63,78,141,Juvenile,
4045,BA,9/23/2008,10:00:00 AM,GR,BMOLMO,M,14,17,46,79,125,,
4048,BA,9/23/2008,10:50:00 AM,TR,BMCOMO,M,28,22,72,93,165,,1
4048,BA,9/24/2008,8:25:00 AM,TR,BMCOMO,F,15,19,57,72,129,Juvenile,1
4071,BA,9/21/2008,10:25:00 AM,GR,BMGOMO,F,19,18,69,66,135,,1
4161,BA,10/9/2008,,GR,BMCOMO,,,,,,,Escaped,1
4161,BA,10/7/2008,1:57:00 PM,GR,BMGOMO,F,15,18,71,76,147,,1
4161,BA,10/7/2008,2:06:00 PM,GR,BMCOMO,F,34,23,67,89,156,,1
4161,BA,10/7 /2008,2:14:00 PM,GR,BMGOMO,,,,,,,Released without taking data due to bad weather,0
4161,BA,10/8/2008,,GR,BMGOMO,,,,,,,Released without taking data due to bad weather,
4161,BA,10/8/2008,,GR,BMCOMO,,,,,,,Released without taking data due to bad weather,
4161,BA,10/9/2008,,GR,BMGOMO,,,,,,,Released without taking data due to bad weather,1
4161,BA,10/9/2008,,GR,BMGOMO,,,,,,,Released without taking data due to bad weather,
4166,BA,9/20/2008,9:20:00 AM,GR,BMCOMO,M,,,,,,Released without taking data due to bad weather,1
4166,BA,9/21/2008,9:30:00 AM,GR,BMCOMO,M,25,22,69,81,,,1
4166,BA,9/21/2008,9:40:00 AM,GR,BMCOMO,F,34,22,79,82,,,
4166,BA,9/21/2008,9:58:00 AM,GR,BMGOMO,M,14,17,63,60,,,1
4166,BA,9/22/2008,9:18:00 AM,GR,BMCOMO,F,22,22,78,78,,,1
4166,BA,9/22/2008,9:21:00 AM,GR,BMGOMO,F,17,16,69,68,,,1
4166,BA,9/22/2008,9:25:00 AM,GR,BMCOMO,F,26,21,69,86,,,
4208,BA,9/29/2008,1:40:00 PM,GR,BMCOMO,F,25,22,75,93,168,,1
4208,BA,9/30/2008,11:40:00 AM,GR,BMCOMO,M,39,22,71,116,187,,1
4208,BA,9/30/2008,11:45:00 AM,GR,BMCOMO,M,39,23,74,90,164,,
4208,BA,10/1/2008,11:45:00 AM,GR,BMGOMO,F,9,17,54,66,120,,1
4208,BA,10/1/2008,11:50:00 AM,GR,BMCOMO,F,25,22,75,95,170,,1
4246,BA,10/2/2008,10:15:00 AM,GR,BMCOMO,F,11,22,57,66,123,Juvenile,1
4246,BA,9/30/2008,12:25:00 PM,GR,BMWOVO,,17,14,16,82,98,,1
4246,BA,10/1/2008,12:35:00 PM,GR,BMCOMO,F,12,21,49,64,113,Juvenile,1
4246,BA,10/2/2008,10:00:00 AM,GR,BMGOMO,M,15,17,64,75,139,Dead,1
4246,BA,10/2/2008,10:05:00 AM,GR,BMCOMO,F,29,23,78,89,167,Dead,0
4246,BA,10/2/2008,10:10:00 AM,GR,BMWOVO,,17,14,16,81,98,"Caught in same trap as prior WOVO, same individual?",1
4289,BA,9/22/2008,8:31:00 AM,TR,BMCOMO,F,24,22,74,80,154,,1
4289,BA,9/21/2008,8:40:00 AM,GR,BMMouse,,,,,,,Escaped,1
4289,BA,9/21/2008,8:45:00 AM,GR,BMGOMO,M,18,16,66,80,146,,1
4289,BA,9/21/2008,9:07:00 AM,GR,BMCOMO,F,33,22,81,77,158,,1
4289,BA,9/21/2008,9:24:00 AM,GR,BMGOMO,F,18,18,71,75,146,,
4289,BA,9/21/2008,9:30:00 AM,GR,BMGOMO,F,14,15,65,61,132,Juvenile?,
4289,BA,9/21/2008,9:41:00 AM,GR,BMGOMO,F,15,16,59,60,119,,
4289,BA,9/22/2008,8:45:00 AM,GR,BMCOMO,F,29,22,76,80,156,,0
4289,BA,9/22/2008,8:49:00 AM,GR,BMMouse,,,,,,,Escaped,1
4289,BA,9/22/2008,9:05:00 AM,GR,BMCOMO,M,25,22,75,84,159,,
4289,BA,9/22/2008,9:06:00 AM,GR,BMGOMO,F,17,17,75,81,155,,1
4289,BA,9/23/2008,9:17:00 AM,GR,BMGOMO,F,15,15,59,66,125,"Juvenile, very small",1
4289,BA,9/23/2008,9:34:00 AM,GR,BMCOMO,M,30,23,72,84,156,,1
4289,BA,9/23/2008,9:41:00 AM,GR,BMGOMO,F,9,15,51,57,108,very tiny,
4289,BA,9/23/2008,10:02:00 AM,GR,BMCOMO,F,31,23,79,72,151,,
4289,BA,9/23/2008,10:16:00 AM,GR,BMCOMO,M,26,23,74,87,161,,
4301,BA,9/30/2008,10:40:00 AM,TR,BMGOMO,M,19,17,62,84,146,,1
4301,BA,9/30/2008,11:15:00 AM,TR,BMGOMO,F,15,17,66,74,140,,
4301,BA,9/28/2008,12:00:00 PM,GR,BMGOMO,F,24,18,75,87,162,,1
4301,BA,9/28/2008,12:10:00 PM,GR,BMGOMO,F,25,23,73,79,152,,
4301,BA,9/28/2008,12:15:00 PM,GR,BMGOMO,F,20,17,70,83,,,
4301,BA,9/29/2008,1:30:00 PM,GR,BMEAWO,M,196,38,154,,,Escaped,1
4301,BA,9/30/2008,11:10:00 AM,GR,BMEAWO,M,179,39,160,183,362,,1
4301,BA,9/30/2008,11:20:00 AM,GR,BMSSSH,,6,12,17,69,86,Dark,1
4316,BA,9/28/2008,10:07:00 AM,GR,BMCOMO,M,27,22,86,84,170,,1
4316,BA,9/28/2008,10:12:00 AM,GR,BMCOMO,F,21,21,64,73,137,,
4316,BA,9/29/2008,11:39:00 AM,GR,BMCOMO,F,34,23,74,87,161,,1
4316,BA,9/29/2008,11:48:00 AM,GR,BMCOMO,M,21,22,68,80,148,,
4316,BA,9/29/2008,11:57:00 AM,GR,BMCOMO,M,30,22,75,85,170,,
4316,BA,9/30/2008,10:25:00 AM,GR,BMCOMO,F,20,20,65,79,144,,1
4316,BA,9/30/2008,10:33:00 AM,GR,BMCOMO,M,28,22,74,81,155,,
4316,BA,9/30/2008,10:38:00 AM,GR,BMCOMO,M,30,22,69,97,166,,
4316,BA,9/30/2008,10:49:00 AM,GR,BMGOMO,F,25,18,84,69,153,Pregnant? Very chubby,1
4316,BA,10/8 /2008,11:06:00 AM,GR,BMCOMO,,,,,,,Escaped,1
4343,BA,9/27/2008,9:09:00 AM,GR,BMCOMO,F,33,22,79,93,172,,1
4343,BA,9/27/2008,9:24:00 AM,GR,BMCOMO,M,35,24,77,104,181,,
4343,BA,9/28/2008,9:09:00 AM,GR,BMCOMO,F,12,21,54,54,108,"Juvenile, very small",1
4343,BA,9/28/2008,9:15:00 AM,GR,BMCOMO,F,34,23,75,89,164,,
4343,BA,9/28/2008,9:23:00 AM,GR,BMCOMO,M,29,22,79,82,161,,
4343,BA,9/28/2008,9:30:00 AM,GR,BMGOMO,F,11,16,64,58,122,"Juvenile, very tiny",1
4343,BA,9/29/2008,9:12:00 AM,GR,BMGOMO,F,10,15,65,60,125,Likely recapture from 28th,1
4343,BA,9/29/2008,9:21:00 AM,GR,BMCOMO,M,29,21,69,77,146,,1
4343,BA,9/29/2008,9:42:00 AM,GR,BMCOMO,F,32,23,79,89,168,Possible recapture from 27th,
4343,BA,9/29/2008,9:55:00 AM,GR,BMGOMO,F,20,18,72,71,143,,
4343,BA,9/29/2008,10:00:00 AM,GR,BMCOMO,M,27,22,78,81,160,Possible recapture from 28th,
4349,BA,10/1/2008,9:34:00 AM,TR,BMCOMO,M,28,22,71,87,158,,1
4349,BA,10/2/2008,10:00:00 AM,TR,BMCOMO,F,24,21,79,81,160,,1
4349,BA,10/2/2008,10:31:00 AM,TR,BMCOMO,M,27,21,70,82,152,,
4349,BA,9/30/2008,11:54:00 AM,GR,BMCOMO,F,25,22,74,78,152,,1
4349,BA,9/30/2008,12:10:00 AM,GR,BMCOMO,F,17,21,59,67,126,Juvenile,
4349,BA,10/1/2008,9:22:00 AM,GR,BMCOMO,F,29,23,84,78,162,,
4349,BA,10/1/2008,9:44:00 AM,GR,BMCOMO,M,33,23,76,85,161,,
4349,BA,10/1/2008,9:51:00 AM,GR,BMCOMO,F,14,19,55,57,112,Juvenile,
4349,BA,10/1/2008,10:01:00 AM,GR,BMCOMO,F,23,22,74,77,151,Possible recapture from 30th,
4349,BA,10/2/2008,9:29:00 AM,GR,BMCOMO,F,25,23,83,83,166,,
4349,BA,10/2/2008,9:47:00 AM,GR,BMCOMO,F,22,22,74,75,149,,
4349,BA,10/2/2008,9:52:00 AM,GR,BMCOMO,M,32,23,86,80,166,,
4349,BA,10/2/2008,10:09:00 AM,GR,BMCOMO,F,30,22,75,86,161,,
4349,BA,10/2/2008,10:14:00 AM,GR,BMCOMO,F,11,20,54,58,112,Juvenile,
4349,BA,10/2/2008,10:25:00 AM,GR,BMCOMO,M,22,21,64,76,140,,
4393,BA,9/28/2008,11:35:00 AM,TR,BMCOMO,M,26,22,74,102,176,,1
4393,BA,9/28/2008,11:40:00 AM,TR,BMCOMO,,30,,,101,,Escaped,
4393,BA,9/27/2008,9:30:00 AM,GR,BMCOMO,M,27,23,77,86,163,,1
4393,BA,9/28/2008,11:30:00 AM,GR,BMCOMO,F,19,23,66,80,146,Dull color,
4393,BA,9/28/2008,11:45:00 AM,GR,BMCOMO,F,29,22,62,88,150,,
4393,BA,9/29/2008,12:30:00 PM,GR,BMCOMO,F,31,22,65,97,162,Unhealthy,1
4393,BA,9/29/2008,12:35:00 PM,GR,BMCOMO,M,27,23,73,85,158,,
4393,BA,9/29/2008,12:40:00 PM,TR,BMEAWO,F,200,38,160,165,325,,1
4393,BA,9/29/2008,12:50:00 PM,TR,BMGOMO,M,23,17,75,89,164,,1
4425,BA,10/5/2008,12:02:00 PM,GR,BMCOMO,M,18,22,64,84,148,Juvenile,1
4425,BA,10/6/2008,11:00:00 AM,GR,BMCOMO,M,17,22,64,84,148,"Juvenile, same individual captured on the 5th",1
4425,BA,10/6/2008,11:05:00 AM,GR,BMEAWO,F,174,41,144,,,Escaped,1
4425,BA,10/7/2008,2:20:00 PM,GR,BMGOMO,M,18,17,64,90,,,1
4425,BA,10/7/2008,2:25:00 PM,GR,BMGOMO,F,7,16,50,61,,"Juvenile, tiny",
4425,BA,10/7/2008,2:30:00 PM,GR,BMCOMO,F,16,22,60,74,,Juvenile,1
4425,BA,10/7/2008,2:35:00 PM,GR,BMGOMO,F,19,17,74,81,,,
4499,BA,10/9/2008,,GR,BMGOMO,,,,,,,Escaped,1
4499,BA,10/10/2008,,GR,BMCOMO,F,26,22,72,74,146,,1
4499,BA,10/10/2008,,GR,BMCOMO,M,30,21,78,84,102,,
4499,BA,10/10/2008,,GR,BMCOMO,M,27,20,71,86,,,
4499,BA,10/10/2008,,GR,BMGOMO,M,20,16,75,81,,,1
4506,BA,10/6/2008,11:45:00 AM,TR,BMCOMO,M,27,22,72,103,175,,1
4506,BA,10/7/2008,3:08:00 AM,TR,BMCOMO,M,34,22,75,102,177,,1
4506,BA,10/7/2008,3:12:00 AM,TR,BMGOMO,F,18,18,68,83,151,,1
4506,BA,10/7/2008,3:15:00 AM,TR,BMCOMO,F,33,22,72,94,166,,
4506,BA,10/7/2008,3:20:00 AM,TR,BMCOMO,M,30,24,72,84,158,,
4506,BA,10/6/2008,11:50:00 AM,GR,BMCOMO,F,22,22,71,74,145,,0
4506,BA,10/8/2008,9:50:00 AM,GR,BMCOMO,F,,,,,,Released (caught with 4 babies),1
4506,BA,10/8/2008,9:50:00 AM,GR,BMCOMO,,,,,,,BMCOMO baby,
4506,BA,10/8/2008,9:50:00 AM,GR,BMCOMO,,,,,,,BMCOMO baby,
4506,BA,10/8/2008,9:50:00 AM,GR,BMCOMO,,,,,,,BMCOMO baby,
4506,BA,10/8/2008,9:50:00 AM,GR,BMCOMO,,,,,,,BMCOMO baby,
4506,BA,10/8/2008,9:52:00 AM,TR,BMGOMO,,,,,,,Escaped,1
4506,BA,10/8/2008,9:54:00 AM,TR,BMGOMO,,,,,,,Escaped,
4506,BA,10/8/2008,9:58:00 AM,TR,BMGOMO,M,15,17,67,69,136,,
4506,BA,10/8/2008,10:05:00 AM,GR,BMHCRA,M,36,28,97,99,,,1
4506,BA,10/8/2008,10:05:00 AM,GR,BMCOMO,M,33,22,70,85,,,
4506,BA,10/8/2008,10:10:00 AM,GR,BMCOMO,M,34,23,74,79,,,
4539,BA,10/9/2008,12:45:00 PM,TR,BMGOMO,M,13,15,64,72,136,,1
4539,BA,10/10/2008,10:35:00 AM,TR,BMGOMO,M,17,16,73,76,149,,1
4539,BA,10/9/2008,12:35:00 PM,GR,BMHCRA,F,19,21,85,82,167,,1
4539,BA,10/10/2008,10:30:00 AM,GR,BMGOMO,F,25,17,69,89,158,,
4554,BA,10/6/2008,12:41:00 PM,GR,BMCOMO,F,26,22,75,82,157,,1
4554,BA,10/7/2008,11:58:00 AM,GR,BMCOMO,,,,,,,Escaped,1
4554,BA,10/7/2008,10:03:00 PM,GR,BMCOMO,M,28,22,71,85,156,,
4557,BA,10/5/2008,9:53:00 AM,GR,BMCOMO,F,20,21,67,75,132,,1
4557,BA,10/6/2008,11:18:00 AM,GR,BMGOMO,F,20,18,75,73,148,,1
4557,BA,10/6/2008,11:25:00 AM,GR,BMCOMO,F,18,21,68,79,147,,1
4557,BA,10/7/2008,10:55:00 AM,GR,BMCOMO,F,18,21,70,79,149,Possible recapture from Oct 6th,1
4557,BA,10/7/2008,11:05:00 AM,GR,BMCOMO,F,25,21,74,79,153,,
4577,BA,9/28/2008,7:45:00 AM,TR,BMCOMO,M,28,22,69,86,155,,1
4577,BA,9/27/2008,10:10:00 AM,GR,BMOLMO,F,11,18,48,69,117,,1
4577,BA,9/27/2008,10:15:00 AM,GR,BMCOMO,F,27,22,82,95,177,,1
4577,BA,9/28/2008,7:30:00 AM,GR,BMOLMO,M,12,18,48,70,118,,1
4577,BA,9/28/2008,7:40:00 AM,TR,BMGOMO,F,18,17,82,64,146,,1
4577,BA,9/29/2008,9:25:00 AM,GR,BMCOMO,F,29,22,73,78,151,,1
4577,BA,9/29/2008,9:40:00 AM,GR,BMCOMO,F,28,22,75,82,157,,
4577,BA,9/29/2008,9:54:00 AM,TR,BMGOMO,F,17,18,81,65,146,,1
4577,BA,9/29/2008,10:00:00 AM,TR,BMGOMO,M,22,17,71,85,156,,
4595,BA,10/5/2008,10:00:00 AM,GR,BMGOMO,F,21,,,,,Escaped,1
4595,BA,10/5/2008,10:05:00 AM,TR,BMGOMO,F,21,18,71,68,139,,
4595,BA,10/6/2008,1:00:00 PM,TR,BMCOMO,F,29,22,72,81,153,,1
4595,BA,10/6/2008,1:15:00 PM,GR,BMGOMO,F,25,17,72,82,153,,1
4595,BA,10/6/2008,1:20:00 PM,GR,BMGOMO,M,13,15,62,65,127,,
4595,BA,10/6/2008,1:25:00 PM,GR,BMCOMO,M,28,21,69,81,150,,
4595,BA,10/6/2008,1:30:00 PM,GR,BMGOMO,F,22,18,79,80,159,,
4595,BA,10/6/2008,1:33:00 PM,GR,BMGOMO,M,21,16,77,78,155,,
4595,BA,10/6/2008,1:37:00 PM,GR,BMGOMO,M,22,17,84,75,159,,
4595,BA,10/6/2008,1:41:00 PM,GR,BMGOMO,F,17,16,67,78,145,,
4595,BA,10/7/2008,10:30:00 AM,TR,BMGOMO,F,19,17,71,69,140,,1
4595,BA,10/7/2008,10:35:00 AM,TR,BMGOMO,F,13,14,70,61,131,Caught in the same trap,
4595,BA,10/7/2008,10:35:00 AM,TR,BMGOMO,M,21,16,70,73,143,Caught in the same trap,
4595,BA,10/7/2008,10:40:00 AM,GR,BMGOMO,M,21,18,65,83,148,,
4595,BA,10/7/2008,10:43:00 AM,GR,BMGOMO,M,13,16,65,64,129,,
4595,BA,10/7/2008,10:47:00 AM,GR,BMGOMO,F,20,16,70,74,144,,1
4595,BA,10/7/2008,10:50:00 AM,GR,BMCOMO,F,31,21,71,83,154,,
4595,BA,10/7/2008,10:54:00 AM,GR,BMCOMO,F,27,21,76,87,163,,
4615,BA,10/6/2008,2:00:00 PM,GR,BMGOMO,F,17,17,68,76,144,,1
4615,BA,10/6/2008,2:05:00 PM,TR,BMGOMO,M,10,14,53,67,120,,
4615,BA,10/6/2008,2:10:00 PM,TR,BMGOMO,M,19,15,71,68,139,,
4615,BA,10/7/2008,12:42:00 PM,GR,BMGOMO,M,10,16,52,60,112,,1
4615,BA,10/7/2008,12:45:00 PM,GR,BMGOMO,M,21,,,,,"Released, tail caught in trap door and fire ants attacking",
4615,BA,10/7/2008,12:48:00 PM,GR,BMGOMO,,,,,,,Escaped,
4615,BA,10/7/2008,12:50:00 PM,TR,BMGOMO,M ,17,17,72,79,151,,
4615,BA,10/8/2008,9:50:00 AM,TR,BMGOMO,,,,,,,Released due to bad weather,1
4615,BA,10/8/2008,9:55:00 AM,GR,BMGOMO,,,,,,,Released due to bad weather,
4615,BA,11/8 /2008,10:00:00 AM,GR,BMGOMO,,,,,,,Released due to bad weather,
4615,BA,11/8 /2008,10:05:00 AM,GR,BMCOMO,,,,,,,Released due to bad weather,1
4641,BA,10/10/2008,9:33:00 AM,TR,BMCOMO,F,33,22,78,92,,,1
4641,BA,10/8/2008,10:45:00 AM,GR,BMCOMO,M,21,21,71,93,164,White tip on tail,1
4641,BA,10/8/2008,10:50:00 AM,GR,BMCOMO,M,32,22,70,105,175,,
4641,BA,10/8/2008,10:52:00 AM,GR,BMCOMO,M,29,21,77,85,162,,
4641,BA,10/8/2008,11:00:00 AM,GR,BMCOMO,M,21,22,63,87,150,Juvenile,
4641,BA,10/9/2008,11:00:00 AM,GR,BMCOMO,M,29,21,74,104,178,,1
4641,BA,10/9/2008,11:05:00 AM,GR,BMCOMO,F,27,21,78,94,173,,
4641,BA,10/10/2008,9:30:00 AM,GR,BMCOMO,M,32,22,71,85,,,
4641,BA,10/10/2008,9:35:00 AM,GR,BMCOMO,F,27,21,77,80,,,
4665,BA,10/7/2008,9:58:00 AM,GR,BMCOMO,M,26,22,66,81,147,,1
4665,BA,10/8/2008,10:50:00 AM,GR,BMGOMO,,,,,,,Released due to bad weather,1
4665,BA,10/9/2008,10:40:00 AM,GR,BMEAWO,F,225,43,190,140,330,,1
4665,BA,10/9/2008,11:45:00 AM,GR,BMCOMO,F,19,22,62,78,140,,1
4665,BA,10/9/2008,11:50:00 AM,GR,BMCOMO,M,25,22,75,96,171,,
4665,BA,10/9/2008,11:54:00 AM,GR,BMCOMO,M,26,22,70,96,166,,
4665,BA,10/9/2008,12:03:00 PM,GR,BMCOMO,M,32,22,75,97,172,,
4665,BA,10/9/2008,12:11:00 PM,GR,BMCOMO,F,23,22,62,98,160,Caught in same trap,
4665,BA,10/9/2008,12:20:00 PM,TR,BMGOMO,M,15,15,68,74,142,,1
4665,BA,10/9/2008,12:24:00 PM,TR,BMCOMO,M,23,20,68,84,152,,
4665,BA,10/7/2008,3:40:00 PM,GR,BMGOMO,F,29,17,80,80,160,,1
4665,BA,10/7/2008,3:40:00 PM,GR,BMGOMO,M,12,16,,,,"Juvenile, caught in same trap",
4665,BA,10/7/2008,3:40:00 PM,GR,BMGOMO,F,17,17,65,88,,,
4665,BA,10/7/2008,3:40:00 PM,GR,BMGOMO,M,20,17,65,86,,,
4665,BA,10/7/2008,3:45:00 PM,GR,BMCOMO,F,28,22,77,80,,,
4665,BA,10/7/2008,3:50:00 PM,GR,BMGOMO,M,21,19,73,94,,,
4665,BA,10/8/2008,10:30:00 AM,GR,BMSSSH,,8,12,17,67,,Wet,1
4665,BA,10/8/2008,10:40:00 AM,GR,BMGOMO,,,,,,,Dead,0
4665,BA,10/8/2008,10:45:00 AM,GR,BMCOMO,,,,,,,Escaped,1
4665,BA,10/9/2008,10:35:00 AM,GR,BMHCRA,M,113,39,104,,,Escaped,1
4665,BA,10/9/2008,10:40:00 AM,GR,BMCOMO,F,25,22,70,85,,,1
4665,BA,10/9/2008,10:45:00 AM,GR,BMGOMO,M,20,18,79,93,,,1
4685,BA,9/30/2008,9:32:00 AM,TR,BMCOMO,F,32,21,73,91,164,,1
4685,BA,10/1/2008,10:56:00 AM,TR,BMCOMO,F,29,22,76,88,164,,1
4685,BA,9/29/2008,10:50:00 AM,GR,BMCOMO,F,31,21,71,85,156,,1
4685,BA,9/30/2008,9:46:00 AM,GR,BMGOMO,F,20,19,80,69,149,,1
4685,BA,10/1/2008,10:49:00 AM,GR,BMGOMO,F,16,17,68,67,135,,1
4685,BA,10/1/2008,11:37:00 AM,GR,BMWOVO,F,15,14,15,66,,"Juvenile, small?",1
4685,BA,9/29/2009,11:00:00 AM,GR,BMGOMO,F,24,18,85,75,,,1
4685,BA,9 /19/2009,10:00:00 AM,GR,BMGOMO,,,,,,,Escaped,
4694,BA,9/30/2008,9:50:00 AM,GR,BMCOMO,M,31,23,74,81,155,,1
4694,BA,9/30/2008,9:50:00 AM,GR,BMHCRA,F,96,27,105,113,218,Dead?,1
4694,BA,10/1/2008,8:12:00 AM,GR,BMCOMO,M,29,22,72,83,155,,1
4694,BA,10/1/2008,8:30:00 AM,GR,BMCOMO,M,31,22,69,83,152,,
4694,BA,10/2/2008,8:57:00 AM,GR,BMCOMO,M,29,22,73,84,157,,1
4694,BA,10/2/2008,9:03:00 AM,GR,BMCOMO,M,30,22,66,87,153,,
4694,BA,10/2/2008,9:08:00 AM,GR,BMCOMO,F,30,21,71,85,156,,
4694,BA,10/2/2008,9:14:00 AM,GR,BMHCRA,F,81,28,105,113,218,,1
4727,BA,9/30/2008,9:00:00 AM,GR,BMEHMO,M,6,14,52,50,102,,1
4727,BA,9/30/2008,9:10:00 AM,GR,BMHCRA,F,23,23,71,82,153,,1
4727,BA,10/1/2008,8:58:00 AM,GR,BMEHMO,M,5,15,50,45,95,Ears covered with ticks,1
4727,BA,10/1/2008,9:08:00 AM,GR,BMOLMO,M,10,17,21,54,75,"Tail broken, but healed",1
4733,BA,9/30/2008,8:20:00 AM,TR,BMCOMO,F,23,21,72,74,146,,1
4733,BA,9/28/2008,8:20:00 AM,GR,BMCOMO,F,31,22,72,79,151,,1
4733,BA,9/29/2008,8:04:00 AM,GR,BMCOMO,F,30,22,71,78,149,,1
4733,BA,9/30/2008,8:15:00 AM,GR,BMCOMO,F,32,22,72,79,151,,
4733,BA,9/30/2008,8:30:00 AM,GR,BMCOMO,F,30,23,71,83,154,,
4772,SS,11/8/2008,9:45:00 AM,GR,BMCOMO,F,41,22,74,79,153,botfly,1
4790,SS,9 /21/2008,10:45:00 AM,GR,BMCOMO,F,27,22,77,98,175,,1
4790,SS,9 /21/2008,11:00:00 AM,GR,BMCOMO,M,30,22,75,103,178,,
4790,SS,9 /21/2008,9:30:00 AM,GR,BMCOMO,F,30,21,74,80,,,
4790,SS,9 /21/2008,9:31:00 AM,GR,BMCOMO,M,30,22,63,76,,,
4790,SS,9 /21/2008,9:40:00 AM,GR,BMCOMO,M,28,22,74,86,,,
4790,SS,9 /21/2008,9:30:00 AM,GR,BMCOMO,M,18,22,63,85,,,
4813,SS,9 /21/2008,9:50:00 AM,GR,BMSSSH,,45,11,16,56,,Dead,1
4813,SS,9 /21/2008,9:50:00 AM,GR,BMCOMO,F,35,22,84,112,,,1
4813,SS,9 /21/2008,9:51:00 AM,GR,BMCOMO,F,33,22,69,82,,,
4813,SS,9 /21/2008,10:00:00 AM,GR,BMCOMO,F,35,22,84,108,,,
4813,SS,9 /21/2008,10:05:00 AM,GR,BMCOMO,M,32,22,76,103,,,
4818,SS,11/6/2008,12:00:00 AM,GR,BMCOMO,M,31,22,74,103,,,1
4850,SS,11/6/2008,8:45:00 AM,GR,BMCOMO,M,35,22,74,105,,,
4850,SS,11/7/2008,9:00:00 AM,GR,BMSSSH,,6,10,18,62,,,1
4850,SS,11/7/2008,9:10:00 AM,GR,BMCOMO,F,35,22,65,90,,,1
4850,SS,11/8/2008,9:30:00 AM,GR,BMSSSH,,6,11,19,68,,Dead,1
4990,SS,11/16/2008,9:30:00 AM,GR,BMHCRA,F,70,34,116,150,,,1
4997,SS,11/16/2008,9:20:00 AM,GR,BMHCRA,F,75,29,51,110,161,Broken tail,1
5075,PE,10/29/2008,1:30:00 PM,GR,BMEAWO,F,101,36,115,120,235,,1
5075,PE,10/29/2008,1:40:00 PM,GR,BMEAWO,,,,,,,Escaped,
5076,PE,10/28/2008,12:15:00 PM,GR,BMCOMO,M,27,21,55,85,140,Tail cut short but healed over time,1
5076,PE,10/28/2008,12:30:00 PM,GR,BMEAWO,,198,39,,,,"Tail freshly cut, bloody and bone showing, released due to poor condition",1
5076,PE,10/29/2008,1:00:00 PM,GR,BMCOMO,M,19,21,63,81,147,,1
5076,PE,10/29/2008,1:05:00 PM,GR,BMCOMO,M,27,21,55,85,140,,
5076,PE,10/29/2008,1:07:00 PM,GR,BMEAWO,M,198,39,45,188,233,"Same individual caught on 10/28, tail no longer bloody, measurements taken",1
5076,PE,10/30/2008,10:00:00 AM,GR,BMCOMO,M,18,21,63,84,147,,1
5091,PE,10/28/2008,11:15:00 AM,GR,BMCOMO,F,31,22,75,75,149,,1
5091,PE,10/28/2008,11:30:00 AM,TR,BMEAWO,M,180,38,185,185,370,,1
5110,PE,10/28/2008,12:30:00 PM,GR,BMHCRA,M,60,29,84,116,200,,1
5153,PE,11/2/2008,10:30:00 AM,GR,BMGOMO,F,19,17,64,63,127,,1
5202,PE,10/29/2008,10:48:00 AM,GR,BMCOMO,M,24,22,68,78,146,Frostbitten,1
5202,PE,10/30/2008,10:30:00 AM,GR,BMCOMO,F,33,22,79,85,164,,1
5202,PE,10/30/2008,10:35:00 AM,GR,BMCOMO,F,28,22,70,74,144,,
5202,PE,10/31/2008,1:10:00 PM,GR,BMCOMO,F,23,21,72,85,157,,1
5202,PE,10/31/2008,1:13:00 PM,GR,BMCOMO,F,30,22,78,95,163,,
5202,PE,10/31/2008,1:16:00 PM,TR,BMCOMO,M,34,22,78,93,161,,
5202,PE,10/31/2008,1:20:00 PM,TR,BMCOMO,M,33,22,71,98,169,,
5251,PE,10/28/2008,11:45:00 AM,GR,BMCOMO,F,26,22,70,85,155,,1
5262,PE,10/22/2008,11:14:00 AM,GR,BMEAWO,M,240,42,195,175,370,,1
5262,PE,10/22/2008,11:20:00 AM,GR,BMCOMO,M,29,22,72,74,146,,1
5262,PE,10/24/2008,10:30:00 AM,GR,BMCOMO,M,31,22,74,68,142,,1
5278,PE,10/22/2008,10:30:00 AM,GR,BMHCRA,F,90,32,100,125,225,,1
5278,PE,10/22/2008,10:44:00 AM,GR,BMHCRA,F,89,29,93,118,211,,
5278,PE,10/23/2008,10:00:00 AM,GR,BMHCRA,F,89,28,89,118,207,,1
5278,PE,10/23/2008,10:05:00 AM,GR,BMCOMO,M,34,22,71,78,149,,1
5278,PE,10/23/2008,10:10:00 AM,GR,BMHCRA,M,119,31,92,118,210,,
5278,PE,10/24/2008,10:55:00 AM,GR,BMHCRA,F,24,23,46,80,126,Juvenile,1
5278,PE,10/24/2008,11:05:00 AM,GR,BMHCRA,F,21,23,54,74,128,Juvenile,
5278,PE,10/24/2008,11:10:00 AM,GR,BMHCRA,F,90,30,94,110,204,,
5278,PE,10/24/2008,11:25:00 AM,GR,BMHCRA,F,119,32,98,125,223,,
5296,PE,10/24/2008,9:45:00 AM,GR,BMHCRA,F,43,27,75,85,,,
5296,PE,10/25/2008,10:30:00 AM,GR,BMHCRA,F,43,27,75,115,,,1
5296,PE,10/25/2008,10:40:00 AM,GR,BMHCRA,F,70,30,90,105,,,
5371,PE,10/24/2008,11:35:00 AM,GR,BMHCRA,M,375,30,88,135,,,1
5376,PE,10/24/2008,10:00:00 AM,GR,BMHCRA,F,164,34,102,150,,Not friendly,1
5376,PE,10/24/2008,10:10:00 AM,GR,BMHCRA,F,65,25,86,120,,,
5376,PE,10/25/2008,11:00:00 AM,GR,BMHCRA,F,102,28,92,150,,,1
5376,PE,10/25/2008,11:10:00 AM,GR,BMHCRA,F,154,32,,,,Escaped,
5376,PE,10/25/2008,11:15:00 AM,GR,BMHCRA,,,,,,,Released due to poor condition,
5376,PE,10/25/2008,11:16:00 AM,GR,BMHCRA,F,23,22,66,60,,,
5402,PE,10/15/2008,,GR,BMNORA,M,87,28,93,144,,,1
5417,PE,10/22/2008,11:30:00 AM,GR,BMEAWO,F,219,37,183,175,,,1
5417,PE,10/23/2008,11:00:00 AM,GR,BMEAWO,F,198,37,,,,Escaped,1
5417,PE,10/23/2008,11:05:00 AM,GR,BMHCRA,F,130,31,120,150,,,1
5417,PE,10/24/2008,11:10:00 AM,GR,BMCOMO,,,,,,,Escaped,1
5417,PE,10/24/2008,11:15:00 AM,GR,BMEAWO,F,95,35,98,128,,,1
5465,PE,10/16/2008,10:40:00 AM,GR,BMHCRA,F,179,33,114,145,259,,1
5483,PE,10/31/2008,9:35:00 AM,GR,BMCOMO,F,19,21,63,61,124,Juvenile,1
5483,PE,10/31/2008,9:42:00 AM,GR,BMCOMO,F,37,22,79,78,157,Nursing,
5483,PE,10/31/2008,9:47:00 AM,GR,BMCOMO,F,30,21,67,76,143,,
5483,PE,11/1/2008,10:48:00 AM,GR,BMHCRA,M,25,24,67,90,157,Juvenile,1
5483,PE,11/1/2008,10:53:00 AM,GR,BMCOMO,F,36,22,85,72,157,Nursing,1
5483,PE,11/1/2008,10:58:00 AM,GR,BMCOMO,M,32,22,65,77,142,,
5483,PE,11/2/2008,9:25:00 AM,GR,BMCOMO,M,32,22,63,85,148,,1
5483,PE,11/2/2008,9:29:00 AM,GR,BMCOMO,F,17,20,60,66,126,Juvenile,
5483,PE,11/2/2008,9:33:00 AM,GR,BMCOMO,M,33,23,89,90,179,,
5483,PE,11/2/2008,9:36:00 AM,GR,BMEAWO,F,190,38,180,165,345,,1
5488,PE,10/15/2008,10:24:00 AM,GR,BMHCRA,,110,,,,,Escaped,1
5488,PE,10/16/2008,9:35:00 AM,GR,BMHCRA,F,110,,105,122,127,,1
5488,PE,10/16/2008,9:40:00 AM,GR,BMHCRA,F,139,33,105,130,135,,
5561,PE,10/21/2008,10:40:00 AM,GR,BMCOMO,M,36,22,79,80,159,,1
5561,PE,10/22/2008,10:15:00 AM,GR,BMCOMO,M,32,22,82,83,,,1
5561,PE,10/23/2008,10:20:00 AM,GR,BMCOMO,M,31,22,83,83,,,1
5561,PE,10/23/2008,10:23:00 AM,GR,BMCOMO,F,29,21,74,80,,,
5561,PE,10/23/2008,10:30:00 AM,GR,BMCOMO,F,32,22,74,79,,,
5561,PE,10/23/2008,10:35:00 AM,GR,BMCOMO,F,130,30,102,140,,,
5573,PE,10/21/2008,10:30:00 AM,GR,BMHCRA,,,,,,,Escaped,1
5573,PE,10/22/2008,10:00:00 AM,GR,BMCOMO,F,30,21,78,80,,,1
5573,PE,10/23/2008,10:00:00 AM,GR,BMCOMO,F,31,21,76,80,,,1
5573,PE,10/23/2008,10:10:00 AM,GR,BMCOMO,F,84,30,97,116,,,
5665,PE,10/16/2008,11:10:00 AM,GR,BMEAWO,F,223,37,185,183,368,,1
5700,PE,10/16/2008,10:20:00 AM,GR,BMCOMO,F,35,23,83,109,192,,1
5824,GS,11/20/2008,9:40:00 AM,GR,BMEAWO,F,190,38,160,165,,,1
5824,GS,11/21/2008,9:00:00 AM,GR,BMHCRA,F,85,32,106,121,,Juvenile,1
5879,GS,11/20/2008,10:20:00 AM,GR,BMCOMO,F,32,22,80,90,,,1
5879,GS,11/21/2008,9:05:00 AM,GR,BMCOMO,F,32,22,82,89,171,,1
5879,GS,11/21/2008,9:10:00 AM,GR,BMCOMO,F,24,22,70,75,145,Dead,
5907,GS,11/19/2008,12:20:00 AM,GR,BMMRRA,F,51,29,106,88,,,1
5907,GS,10/20/2008,10:30:00 AM,GR,BMHCRA,M,135,34,113,152,,,1
5907,GS,10/20/2008,10:40:00 AM,GR,BMMRRA,F,30,28,99,90,,,1
5907,GS,10/20/2008,10:45:00 AM,GR,BMMRRA,M,37,29,103,105,,,
5907,GS,10/20/2008,10:47:00 AM,GR,BMEAWO,F,200,37,165,173,,,1
5907,GS,10/21/2008,9:35:00 AM,GR,BMHCRA,F,74,33,105,130,235,,1
5907,GS,10/21/2008,9:40:00 AM,GR,BMHCRA,,,,,,,Escaped,
5907,GS,10/21/2008,9:42:00 AM,GR,BMMRRA,F,33,27,110,101,211,,1
5907,GS,10/21/2008,9:45:00 AM,GR,BMMRRA,F,40,28,112,109,221,,
5907,GS,10/21/2008,9:50:00 AM,GR,BMMRRA,M,23,26,103,78,181,,
5907,GS,10/21/2008,9:53:00 AM,GR,BMHCRA,F,113,34,100,135,235,,0
5907,GS,10/21/2008,9:57:00 AM,GR,BMHCRA,M,113,35,110,140,250,,
